date,japan,hokkaido,aomori,iwate,miyagi,akita,yamagata,fukushima,ibaraki,tochigi,gunma,saitama,chiba,tokyo,kanagawa,niigata,toyama,ishikawa,fukui,yamanashi,nagano,gifu,shizuoka,aichi,mie,shiga,kyoto,osaka,hyogo,nara,wakayama,tottori,shimane,okayama,hiroshima,yamaguchi,tokushima,kagawa,ehime,kochi,fukuoka,saga,nagasaki,kumamoto,oita,miyazaki,kagoshima,okinawa
2020/2/15,4,5,2,3,4,5,3,3,4,2,2,4,3,5,6,1,3,3,3,0,3,4,6,3,2,3,2,3,3,8,4,6,6,4,3,3,4,3,3,3,4,2,2,4,2,0,1,1
2020/2/16,-6,-3,-3,-2,-4,0,0,-2,-4,-3,0,-6,-8,-9,-11,0,0,0,-1,-3,-1,-6,-8,-6,-5,-7,-9,-11,-9,-5,-8,5,1,-3,-3,-3,-1,-4,-3,-4,-3,-1,-3,-7,0,-1,-1,-2
2020/2/17,1,-4,-1,1,1,-1,0,0,-1,-2,-1,0,1,3,1,-2,3,2,1,-2,1,4,0,1,2,4,2,2,1,4,2,0,-1,-1,3,1,0,-2,0,1,-1,-1,-1,1,1,0,0,1
2020/2/18,2,2,-1,0,0,-1,-2,1,2,2,2,4,3,3,5,-1,0,-1,-1,2,1,-1,3,-1,2,-2,0,1,3,4,3,-6,-3,2,2,0,2,2,0,2,-3,-2,-2,0,-2,1,2,1
2020/2/19,2,-3,5,5,5,4,5,3,2,2,2,4,3,2,2,4,4,5,5,2,2,3,1,1,0,3,2,1,1,5,0,3,4,0,0,1,-1,0,0,-1,1,1,1,1,0,0,1,-1
2020/2/20,4,11,5,5,5,7,8,4,4,3,4,3,3,2,6,5,4,5,4,6,4,4,6,4,5,4,2,2,4,5,2,2,3,4,4,4,5,4,3,4,3,4,3,2,3,2,3,1
2020/2/21,2,3,-1,-1,1,-1,-2,1,3,0,2,3,2,2,1,3,4,4,5,-2,2,3,2,2,1,2,2,2,1,5,2,4,2,1,1,2,-2,-2,0,0,2,1,2,3,1,1,1,-1
2020/2/22,1,5,2,3,4,4,4,3,3,4,5,3,1,0,0,3,4,5,3,4,5,0,1,-1,0,-3,-6,-7,-4,0,-1,4,3,1,2,4,2,-1,1,1,3,4,4,8,4,3,4,0
2020/2/23,3,-9,-2,0,0,-2,-1,1,7,6,6,3,7,3,5,0,4,7,5,12,9,6,10,2,8,5,6,3,5,10,7,10,5,4,7,10,3,3,5,5,6,9,6,7,8,5,6,2
2020/2/24,4,3,3,4,6,1,8,4,5,3,5,7,6,-1,3,10,9,10,13,8,6,9,3,2,4,7,4,0,5,14,7,7,2,4,4,5,4,4,5,5,3,6,3,3,4,2,4,-1
2020/2/25,7,12,6,6,5,8,7,5,5,6,6,8,7,5,9,5,3,6,5,6,5,6,8,5,7,7,4,4,5,9,7,9,8,5,5,5,5,7,5,6,3,3,3,6,6,5,9,2
2020/2/26,3,6,7,7,6,7,7,6,3,5,4,4,3,1,0,6,5,7,7,2,5,5,2,4,4,4,2,1,2,6,-1,5,7,2,3,4,3,2,3,2,4,4,4,7,2,4,4,0
2020/2/27,6,8,5,5,6,6,6,6,6,7,7,8,7,5,8,6,5,8,7,5,5,8,5,6,5,5,2,3,5,6,3,4,6,4,9,8,5,4,5,4,6,8,6,21,6,7,7,1
2020/2/28,14,13,9,8,13,6,9,16,20,18,19,22,18,15,18,14,15,12,17,12,15,16,13,14,12,13,10,11,13,15,8,8,9,10,12,13,13,9,9,8,10,11,10,11,15,17,16,1
2020/2/29,9,5,14,15,17,14,15,11,12,12,12,14,10,11,13,12,15,14,15,10,11,16,12,9,8,10,3,-2,5,7,2,10,10,10,8,8,9,6,8,4,5,5,7,0,5,7,8,1
2020/3/1,9,-6,9,12,13,11,12,14,10,10,7,10,10,10,10,8,15,13,12,7,7,11,9,10,10,12,13,17,14,21,15,12,8,10,10,11,5,8,8,6,8,5,4,-1,4,0,3,-2
2020/3/2,3,0,1,4,1,3,2,1,0,-1,3,-1,-3,-5,-5,4,10,8,8,0,3,9,2,6,8,9,6,7,8,11,5,4,6,6,7,8,3,5,9,5,6,4,6,2,5,2,5,-2
2020/3/3,9,4,7,7,8,7,7,8,7,7,7,12,9,10,13,10,9,8,9,6,7,9,8,8,10,9,8,9,10,13,9,9,7,8,8,6,7,8,6,6,5,4,5,2,6,4,7,1
2020/3/4,-2,-1,7,3,3,5,2,0,-2,0,0,1,-4,-4,-3,5,3,3,5,1,2,1,-3,-2,-2,-2,-7,-11,-6,-3,-7,3,2,-3,-1,2,-5,-2,-1,-4,2,2,1,-2,1,1,1,-4
2020/3/5,3,-12,1,1,2,-2,0,1,2,2,2,3,3,2,7,-1,4,2,3,2,1,4,4,3,3,2,2,5,6,6,5,5,7,3,4,3,3,4,4,2,3,3,3,1,3,4,4,-3
2020/3/6,2,-5,-3,-2,-1,-3,-3,-1,2,0,0,5,4,4,4,2,5,2,5,-2,1,4,3,2,2,4,4,3,4,6,0,5,4,1,2,1,-2,0,0,-1,1,0,1,-1,0,2,0,-3
2020/3/7,2,0,2,4,4,4,3,2,2,2,1,4,1,2,3,2,5,5,6,1,2,7,5,4,5,5,3,2,3,9,2,3,2,1,1,-1,1,1,1,-4,-4,-4,-4,-2,-2,-2,-1,-7
2020/3/8,-4,-5,1,2,-3,3,3,-1,-1,-2,0,-4,-6,-9,-13,2,4,4,4,-4,0,-3,-13,-10,-6,-3,-4,-5,-1,1,-2,4,3,2,5,3,-2,1,1,-2,4,4,5,1,3,2,3,-2
2020/3/9,2,-4,-3,0,1,-1,0,1,1,1,1,4,2,4,4,0,3,2,3,-2,-1,4,2,2,5,4,3,4,3,6,2,1,2,-1,2,2,-1,-1,1,-1,0,-2,-1,-2,-1,-2,-3,-4
2020/3/10,-3,2,2,-3,-4,4,5,1,-2,-4,-2,-4,-5,-10,-8,2,2,1,2,-2,0,-3,-5,-5,-1,-2,-5,-7,-2,-2,0,3,0,3,1,-1,2,3,2,0,-3,1,1,-1,3,5,5,0
2020/3/11,4,-6,5,6,8,2,3,5,5,5,3,8,7,6,7,2,1,3,4,3,4,5,3,4,1,2,1,2,4,7,2,3,2,2,3,2,0,2,2,0,4,3,4,3,1,5,3,1
2020/3/12,5,3,5,6,6,6,6,5,5,6,6,6,5,4,8,6,7,9,6,5,4,6,5,5,7,7,7,5,6,8,4,6,5,4,6,5,3,3,3,1,5,5,5,3,3,5,4,-2
2020/3/13,3,-2,-2,-1,3,-3,-2,3,4,3,2,7,6,5,5,3,5,3,4,0,2,4,3,3,3,4,4,3,4,7,3,3,4,2,3,3,0,1,0,1,1,2,2,0,1,3,0,-5
2020/3/14,-4,1,3,4,3,6,3,-1,-8,-5,-5,-10,-12,-17,-14,1,3,5,6,-6,-5,2,-4,-2,0,0,-3,-8,-3,-1,-1,3,5,3,4,2,1,1,3,0,2,3,5,3,2,3,3,-5
2020/3/15,5,0,3,5,5,6,6,5,9,6,5,8,11,10,11,4,4,2,1,5,5,5,8,3,7,5,4,4,6,12,10,10,6,5,4,4,3,4,2,-1,2,1,5,1,3,3,3,0
2020/3/16,0,-4,-1,1,1,-1,0,0,1,-1,-1,0,1,0,0,-4,3,0,1,-2,-4,2,1,0,3,-1,-1,-1,0,2,2,3,4,-1,1,2,-1,0,1,1,1,0,3,1,1,1,1,-2
2020/3/17,4,1,3,2,1,0,3,4,5,4,4,8,5,4,5,1,3,2,3,4,4,3,3,2,6,5,6,4,5,8,6,6,4,3,5,2,2,3,1,2,1,0,3,1,0,1,2,-2
2020/3/18,3,-1,6,6,7,4,5,4,4,3,3,6,6,4,5,3,4,6,5,4,3,4,1,4,4,4,2,1,3,8,2,5,4,2,3,2,0,3,0,0,1,1,3,0,0,2,1,-3
2020/3/19,6,6,8,8,9,11,8,10,7,8,8,8,6,4,7,9,8,8,9,7,7,7,3,4,7,9,7,5,8,9,6,9,6,5,7,5,5,5,4,3,4,5,6,3,5,6,4,-6
2020/3/20,6,4,0,2,5,0,6,8,10,7,5,11,11,2,10,7,5,6,10,13,11,10,10,2,11,11,9,1,10,20,15,17,10,11,7,8,9,10,6,9,3,8,7,4,7,7,5,-2
2020/3/21,5,0,2,3,5,2,5,5,7,7,6,8,7,4,6,2,7,5,9,11,7,7,7,3,7,8,7,2,6,11,10,9,6,5,4,5,3,2,5,3,4,3,6,4,5,3,4,-3
2020/3/22,1,-2,0,1,2,-2,1,2,5,5,3,4,5,4,3,-2,3,2,2,8,3,3,4,1,6,2,2,0,2,8,5,5,2,2,1,1,1,0,2,0,-1,0,1,1,1,-1,-2,-2
2020/3/23,0,-5,-1,1,0,0,0,-1,-1,-1,-1,1,-1,0,-3,-1,5,5,4,-1,1,2,-1,1,4,4,2,1,2,5,3,1,2,-1,2,2,2,0,2,0,2,-1,4,0,0,0,1,-3
2020/3/24,3,-1,3,2,1,2,1,2,3,2,0,4,3,3,4,2,4,5,4,3,2,3,3,2,6,4,4,2,4,6,5,4,4,3,4,2,4,2,2,3,1,0,3,1,3,2,5,-1
2020/3/25,8,6,12,10,11,9,8,7,7,7,6,11,10,14,11,8,7,8,8,7,7,6,6,6,7,7,6,5,6,10,6,11,11,4,6,6,3,6,3,2,6,6,8,5,4,6,6,1
2020/3/26,13,5,7,8,10,8,8,9,11,12,10,22,18,25,25,10,10,11,12,12,10,10,12,10,11,11,10,10,11,13,9,11,10,6,8,4,5,5,5,4,1,1,1,3,4,4,5,2
2020/3/27,3,1,3,2,5,0,2,5,8,8,5,14,10,13,13,5,6,4,5,2,5,1,0,-3,2,1,-3,-8,-5,2,1,4,2,0,-3,-5,0,0,-2,-4,-5,-4,-3,-1,-1,2,0,-3
2020/3/28,1,3,3,7,6,7,7,4,1,2,1,3,1,-6,-1,3,6,6,6,2,3,5,5,3,3,3,0,-2,1,4,1,4,4,4,3,2,0,-1,0,-3,-2,-1,1,-1,-2,0,0,-6
2020/3/29,-7,3,1,5,0,5,6,-7,-16,-16,-15,-28,-21,-32,-31,3,7,8,5,-13,-11,3,-4,1,4,7,7,3,5,11,8,9,6,7,7,9,3,4,5,3,6,6,8,4,5,7,4,0
2020/3/30,4,2,-1,3,3,2,2,2,3,1,1,7,6,9,7,2,6,6,6,0,4,4,2,0,4,5,4,2,5,5,2,3,4,5,4,5,3,4,2,0,3,2,4,-1,-1,-1,-2,-2
2020/3/31,7,3,5,5,5,5,8,7,6,6,5,10,7,5,9,6,9,8,8,5,8,5,6,4,5,9,7,8,7,11,8,8,8,4,6,3,5,3,4,2,3,3,6,3,2,4,7,-1
2020/4/1,-5,7,6,6,6,5,7,6,-2,-1,-3,-6,-7,-13,-11,2,4,2,1,-3,0,-4,-6,-5,-7,-7,-10,-12,-8,-2,-3,-3,-1,-6,-4,-1,-7,-6,-5,-4,-3,-1,2,-2,-3,1,1,-2
2020/4/2,6,-1,2,2,4,2,5,4,5,4,2,7,7,7,13,4,7,8,7,4,4,6,7,6,7,6,7,9,9,11,5,7,6,5,7,6,5,5,5,2,6,3,6,3,3,2,3,-2
2020/4/3,6,2,1,1,6,-1,0,3,6,3,2,10,9,9,10,5,9,7,10,1,3,6,5,5,5,7,7,6,7,10,5,7,6,4,4,4,2,2,2,0,4,2,4,1,0,2,1,-2
2020/4/4,6,5,4,6,4,6,5,5,4,5,3,9,6,5,8,4,9,9,9,6,4,9,8,8,8,12,7,6,9,16,8,8,7,7,8,7,6,6,7,2,5,4,7,4,4,5,4,-4
2020/4/5,2,2,2,5,0,2,2,3,-1,1,0,-1,-1,-4,1,2,6,9,3,5,5,6,6,5,8,10,6,4,6,16,9,13,13,5,8,8,6,6,4,2,3,5,8,3,3,5,7,2
2020/4/6,7,-2,-3,0,2,-3,-1,2,4,2,1,11,10,12,11,1,8,8,6,3,3,6,5,6,6,9,7,11,11,12,6,8,9,3,5,7,2,2,3,1,8,3,6,3,3,4,5,2
2020/4/7,6,4,5,5,3,6,5,5,4,6,3,9,7,4,8,7,7,9,5,3,5,4,6,5,7,8,6,7,10,10,8,8,6,5,9,6,4,6,3,3,4,2,5,2,2,3,5,-1
2020/4/8,2,-1,5,6,6,4,3,3,1,2,0,4,3,-1,2,5,5,7,3,0,4,3,1,3,3,4,1,-1,3,11,1,6,3,2,4,4,0,3,1,-2,-2,0,4,-1,-1,1,1,-3
2020/4/9,2,-3,1,3,2,1,1,3,-2,-1,0,-2,1,-3,4,4,5,6,2,0,2,3,3,6,4,5,2,1,4,7,3,5,6,3,5,3,1,2,1,-1,0,2,4,0,0,1,2,-7
2020/4/10,4,8,2,3,5,3,2,3,4,3,0,7,5,3,7,3,6,4,4,-1,2,5,5,5,5,5,3,1,5,8,3,8,8,4,7,3,2,3,2,2,1,1,3,2,2,3,2,-1
2020/4/11,4,3,2,7,3,6,0,3,2,1,-1,6,3,1,4,3,6,7,2,-1,0,4,5,4,6,8,3,3,7,12,6,9,7,5,2,5,6,6,5,-1,0,1,5,4,2,4,7,-6
2020/4/12,-9,2,-3,4,0,2,-2,0,-4,-4,-6,-6,-5,-10,-8,3,2,3,-6,-5,-2,-5,-4,-7,-6,-8,-18,-25,-18,-10,-11,-2,-8,-10,-17,-11,-8,-6,-12,-18,-18,-10,-5,-10,-15,-7,-1,-7
2020/4/13,-15,-2,-4,0,-13,-1,-6,-11,-23,-17,-15,-25,-27,-34,-28,-4,-2,-6,-7,-18,-10,-10,-14,-12,-7,-8,-13,-13,-9,-7,-7,-10,-7,-4,-3,-4,-7,-10,-8,-6,-10,-5,-1,-2,-4,-1,-1,-7
2020/4/14,5,-1,2,2,1,2,-1,3,5,4,1,9,9,7,12,2,4,3,0,3,2,2,4,2,6,6,5,4,7,9,4,8,4,4,3,2,4,4,1,-4,-1,0,2,-1,0,-1,2,-7
2020/4/15,7,6,10,12,12,9,6,9,8,7,5,11,10,5,10,8,6,6,5,5,6,5,6,5,7,9,5,4,7,14,7,11,12,7,6,9,6,9,4,1,4,5,8,4,4,6,6,-3
2020/4/16,5,4,6,8,5,6,4,5,3,5,3,7,6,-1,7,6,5,4,2,2,3,4,5,5,6,6,4,4,7,10,3,9,8,5,6,5,4,2,3,-1,2,4,7,3,4,4,4,-4
2020/4/17,4,6,1,4,6,1,0,6,7,4,2,12,10,7,10,5,6,3,3,-2,2,2,3,0,0,2,3,2,6,9,2,8,6,4,3,1,2,0,0,-4,-4,0,0,-1,0,2,1,-7
2020/4/18,-14,-1,1,1,-19,1,-8,-17,-28,-26,-21,-25,-31,-30,-27,-6,-5,-9,-8,-17,-14,-11,-15,-11,-9,-8,-10,-10,-7,-5,-4,2,-2,0,-2,0,1,-2,-2,-7,-4,0,2,1,-1,2,4,-10
2020/4/19,-3,-3,-7,0,-7,0,-3,-1,1,1,-4,2,4,2,4,-2,-4,-4,-5,-1,-4,-3,1,-1,-3,-1,-3,-5,-3,-1,-2,-2,-5,-3,-7,-5,0,-2,-3,-11,-14,-8,-7,-8,-7,-4,-3,-10
2020/4/20,-8,-2,-2,-1,-7,-2,-2,-5,-10,-8,-7,-12,-14,-21,-16,-3,-3,-7,-7,-9,-6,-7,-7,-7,-5,-6,-8,-6,-1,-1,-3,0,-1,-1,-1,1,0,-2,-3,-5,-4,-2,1,-2,-1,-2,-2,-11
2020/4/21,1,0,0,2,-2,1,-1,-1,-1,-1,-2,6,3,1,7,0,-3,-2,-3,-2,-2,-2,0,0,-2,2,1,-2,1,2,1,5,0,0,-1,-1,0,-1,-3,-5,-5,-2,0,-2,-2,1,1,-11
2020/4/22,-4,-5,3,4,1,1,-1,-3,-4,-4,-5,-1,-3,-7,-3,-1,-5,-7,-4,-5,-4,-5,-3,-4,-7,-2,-4,-7,-3,-1,-4,-1,-3,-3,-3,-2,-3,-3,-5,-8,-6,-2,-4,-3,-5,-1,-2,-12
2020/4/23,-3,-3,-2,1,-2,-2,-2,-3,-3,-2,-2,0,-1,-5,2,-2,-6,-9,-8,-3,-4,-5,-2,-2,-5,-4,-5,-6,-2,-3,-2,0,-3,-2,-2,-3,-1,-3,-5,-7,-7,-3,-3,-3,-4,-1,-2,-11
2020/4/24,-1,4,1,2,1,0,-1,-1,-3,-3,-3,1,0,-3,4,3,-2,-5,0,-3,-2,-2,1,-2,-4,0,-2,-2,1,2,0,3,0,1,1,1,-1,-1,-2,-4,-3,-1,0,0,0,1,0,-11
2020/4/25,-3,-1,0,4,-3,1,-1,-2,-4,-3,-5,-2,-4,-8,-2,-2,-2,-2,-1,-7,-6,-3,0,-1,-5,0,-1,-4,-1,0,-1,4,1,1,-1,-1,0,0,-1,-7,-5,-5,-1,0,-1,1,2,-13
2020/4/26,-9,-10,-4,-1,-8,-5,-6,-6,-8,-7,-10,-8,-9,-11,-10,-9,-13,-13,-11,-8,-10,-8,-5,-6,-7,-5,-8,-10,-7,-5,-6,-2,-5,-6,-9,-5,-4,-8,-7,-12,-10,-11,-5,-6,-7,-3,-4,-20
2020/4/27,-5,-1,-3,2,-2,-1,-2,-2,-7,-5,-3,-10,-9,-17,-9,-1,0,-2,-2,-7,-2,-3,-3,-3,-3,-1,-3,-4,-1,1,-2,-1,-2,-1,1,2,-3,-3,-1,-6,-3,-2,-1,-1,-1,-1,-1,-11
2020/4/28,2,3,5,5,0,2,3,1,0,-1,0,6,3,-4,6,4,1,1,4,0,3,1,3,1,1,3,2,-1,4,4,3,7,2,3,5,2,2,3,1,-2,-2,0,2,2,1,3,4,-8
2020/4/29,-5,-10,0,1,-2,-3,-1,-4,-6,-6,-7,-1,-2,-9,-3,1,-6,-5,0,-7,-6,-5,-5,-5,-8,-4,-5,-9,-3,1,-5,0,-6,-4,-5,-3,-3,0,-4,-9,-7,-5,-4,-5,-5,0,-2,-13
2020/4/30,4,7,5,5,3,5,5,2,2,2,3,6,4,-1,9,5,1,4,4,3,4,6,6,4,3,5,2,2,7,8,3,6,3,5,6,5,4,5,4,-2,1,2,4,3,3,5,4,-7
2020/5/1,1,5,2,2,1,1,1,2,1,0,-1,5,1,-2,4,2,3,1,4,-2,1,2,1,1,-3,4,1,0,4,4,4,5,0,2,1,2,-1,-1,0,-2,-2,-2,-1,0,0,2,0,-9
2020/5/2,-5,-4,-3,-3,-6,-2,-5,-7,-7,-7,-8,-4,-6,-8,-4,-5,-6,-5,-2,-8,-6,-3,-5,-4,-7,-1,-5,-6,-3,-2,-4,-1,-4,-3,-4,-2,-2,-4,-1,-7,-5,-7,-3,-3,-4,0,-1,-25
2020/5/3,-9,-7,-2,-3,-8,-2,-5,-8,-7,-10,-10,-7,-6,-8,-6,-7,-6,-5,-6,-7,-7,-6,-7,-7,-7,-4,-8,-11,-11,-5,-7,-3,-7,-14,-21,-21,-8,-13,-10,-18,-21,-21,-14,-9,-16,-9,-8,-15
2020/5/4,-6,-7,-2,2,-5,-2,0,-6,-8,-7,-6,-5,-9,-15,-10,2,-2,-1,0,-8,-3,-1,-7,-5,-7,-2,-8,-9,-2,2,0,1,-5,-2,-1,1,-2,-2,0,-7,-5,-6,-1,-4,-1,0,0,-10
2020/5/5,0,3,7,7,1,6,9,2,-4,-1,-2,-1,1,-10,4,7,-2,1,6,-2,3,5,3,1,0,5,0,-3,4,8,6,11,2,2,0,-1,2,3,1,-3,-6,-4,-1,-3,0,3,3,-8
2020/5/6,-12,-15,-1,0,-6,-1,0,-7,-16,-14,-15,-14,-15,-27,-17,1,-8,-6,-3,-13,-10,-12,-7,-14,-14,-9,-12,-14,-6,-3,-7,-1,-5,-5,-8,-5,-6,-3,-4,-11,-7,-8,-6,-7,-7,-2,-3,-18
2020/5/7,1,1,1,1,-1,0,0,0,0,3,2,4,1,-1,6,1,-3,-3,2,-1,0,0,1,4,-1,2,-1,0,1,1,-1,0,-3,0,3,1,-1,-1,-2,-4,-2,-1,-1,-1,-1,1,0,-9
2020/5/8,0,1,-2,-2,-2,-4,-3,-2,-2,-1,-2,4,0,-2,3,2,-1,-3,2,-5,-1,-1,0,1,-3,2,1,0,2,0,-2,1,-3,0,0,0,-4,-2,-3,-5,-2,-3,-2,-1,-3,0,-1,-9
2020/5/9,-5,-1,-2,-2,-4,0,-3,-5,-6,-7,-8,-4,-6,-6,-2,-4,-6,-7,-3,-9,-8,-7,-4,-6,-9,-3,-7,-6,-3,-4,-5,-3,-9,-5,-9,-9,-3,-4,-4,-10,-11,-9,-7,-5,-8,-2,0,-10
2020/5/10,-7,-11,0,1,-4,3,2,-3,-5,-6,-6,-5,-8,-7,-8,-2,-6,-5,-3,-4,-6,-11,-12,-12,-8,-3,-7,-7,-6,-6,-6,0,-5,-5,-10,-5,-3,-5,-4,-9,-7,-7,-2,-6,-3,1,1,-7
2020/5/11,-2,-3,-3,0,-5,-2,-4,-4,-4,-5,-4,-2,-3,-6,-2,-2,-2,-3,0,-6,-2,-2,-3,-1,-4,1,-2,-1,1,-1,-2,-1,-2,-2,-1,1,-3,-2,-1,-6,-1,-2,0,-1,-2,-1,0,-9
2020/5/12,0,3,2,1,-4,2,0,0,-2,-1,-1,4,0,-4,2,2,-1,0,0,-1,1,-1,0,-1,-1,4,1,0,4,0,1,2,-2,1,0,0,1,0,-1,-4,-3,-1,-1,-2,-1,1,3,-13
2020/5/13,-1,-6,1,3,2,2,1,0,-3,-1,-3,1,0,-5,0,3,-2,0,1,-3,-2,-3,-2,-2,-3,1,-1,-2,1,2,-3,1,-3,-2,-1,-1,-3,-1,-2,-6,-2,-1,-1,-1,-2,1,-1,-7
2020/5/14,-1,0,1,2,0,1,1,0,-2,-1,-1,2,0,-5,2,2,-2,-1,0,-3,0,-2,-1,-2,-2,3,-1,0,3,0,-1,-1,-2,-2,0,-1,-2,-2,-2,-6,-2,-1,-1,-1,-2,1,-1,-9
2020/5/15,0,4,0,3,0,0,-1,0,1,0,-1,5,2,-1,4,3,0,-2,0,-4,-1,1,2,0,-1,3,0,-1,3,3,2,4,0,0,-3,-7,-4,-1,-4,-5,-11,-7,-6,-3,-5,-1,-3,-8
2020/5/16,-12,-2,-1,1,-2,2,0,-4,-10,-8,-8,-15,-19,-26,-21,-1,-2,-5,-5,-10,-7,-12,-12,-15,-14,-11,-17,-18,-11,-11,-10,1,-3,-5,-7,-5,-5,-6,-6,-11,-5,-5,-4,-6,-8,-6,-7,-9
2020/5/17,-1,-5,-2,0,-3,2,1,0,-1,-1,-4,0,1,3,3,-1,-3,-3,-1,-2,-4,0,0,0,-1,3,1,3,2,2,-1,0,-4,-3,0,0,-2,-4,-1,-6,-3,-4,0,-2,-2,1,2,-11
2020/5/18,-7,-3,-3,0,-7,-2,-3,-4,-4,-5,-5,-4,-6,-11,-6,-3,-1,-3,-3,-8,-4,-4,-5,-5,-6,-4,-10,-11,-7,-6,-6,-4,-6,-8,-9,-8,-10,-9,-9,-16,-12,-9,-8,-13,-11,-9,-9,-14
2020/5/19,-4,0,-5,-3,-13,-2,-1,-7,-8,-7,-5,-8,-9,-17,-8,-4,-1,-1,-2,-4,-2,-3,-3,-4,-2,2,0,0,3,2,1,1,-4,1,1,0,2,0,1,-2,-1,-2,0,0,-1,1,4,-12
2020/5/20,1,1,7,8,5,8,8,3,3,-1,0,2,1,-6,1,5,1,2,2,1,1,2,1,3,2,3,0,1,7,7,0,1,1,2,1,3,1,3,1,-2,2,0,2,1,0,1,1,-4
2020/5/21,-1,2,2,1,-1,0,0,0,0,-2,-1,-2,-2,-9,-3,2,-1,1,1,-2,-2,0,-1,0,-1,4,-1,0,4,2,0,2,-2,-1,0,0,0,-1,0,-5,0,-1,1,1,0,1,1,-9
2020/5/22,-2,-1,-1,-1,-2,-1,-3,-2,-4,-2,-2,1,-8,-5,1,2,1,-1,1,-6,-2,0,-1,-1,-3,3,-1,-2,2,2,0,4,-2,-1,-2,0,-3,-2,-1,-5,-2,-2,-1,-1,-2,-2,-2,-15
2020/5/23,0,0,1,1,-4,4,1,-3,-2,-4,-2,0,-2,-2,0,2,1,2,4,-5,-2,1,0,1,-2,4,1,1,5,6,2,5,0,1,-1,1,2,0,1,-4,0,-1,2,1,0,3,3,-12
2020/5/24,-1,-4,1,2,0,3,2,1,0,-3,-3,-3,-1,-2,-2,2,1,3,4,-1,-2,0,0,-1,-2,4,0,0,3,5,2,5,-2,-1,-2,1,0,-1,1,-5,0,-1,2,-1,0,2,3,-6
2020/5/25,2,4,3,5,0,3,2,1,1,0,1,3,2,-1,1,3,4,2,3,-2,-1,1,1,1,2,8,1,2,5,6,3,8,5,0,1,4,1,2,3,-2,2,1,3,2,2,1,3,-5
2020/5/26,-1,3,4,3,0,4,2,0,0,-2,0,0,-1,-9,-1,3,3,0,0,0,0,-1,3,-1,-1,2,-5,-6,0,2,1,9,3,0,-3,0,-1,-1,-1,-5,-2,-1,0,-2,-1,1,2,-4
2020/5/27,2,-5,5,6,6,4,6,5,3,2,2,5,4,-1,2,5,2,2,4,1,2,2,0,2,0,5,2,2,5,7,2,3,0,-1,3,3,0,0,0,-5,1,0,1,1,0,2,2,-6
2020/5/28,1,4,4,4,2,4,2,2,2,-1,2,2,1,-7,3,5,3,4,3,0,1,2,1,2,1,6,1,2,6,5,2,4,2,0,4,3,1,1,0,-3,0,0,1,0,1,1,1,-7
2020/5/29,2,4,2,2,1,1,-1,1,2,2,2,6,3,1,4,5,4,1,4,-3,2,4,1,2,0,7,3,3,5,6,4,5,0,0,0,2,-1,1,0,-2,0,1,1,1,1,2,2,-7
2020/5/30,3,8,5,6,4,10,8,3,3,2,1,4,2,1,5,5,5,4,6,0,0,6,4,4,3,7,3,2,7,8,2,6,2,6,3,4,6,5,3,0,0,-1,2,1,-1,2,2,-8
2020/5/31,0,4,6,6,2,7,5,2,2,0,-1,1,2,-1,0,5,6,5,6,0,0,-1,-1,-3,-5,4,-2,-2,1,3,1,6,1,-1,-2,0,0,-2,0,-8,-1,1,4,1,-1,2,5,-8
2020/6/1,-2,6,1,3,0,1,2,3,-2,-4,-2,-5,-3,-11,-9,0,5,0,1,-6,-3,0,-5,-1,-1,3,0,2,3,4,4,1,0,1,-1,1,-1,-3,0,-3,-1,-3,0,-1,-1,-1,1,-7
2020/6/2,2,1,2,2,-1,3,2,1,0,0,0,5,3,1,6,2,2,1,2,-1,2,1,1,1,-1,5,2,2,6,3,2,4,-1,1,2,2,2,1,0,-4,-1,-2,-2,-1,-1,0,2,-6
2020/6/3,1,-1,8,7,5,5,4,4,2,1,1,4,3,-1,3,6,3,3,5,-1,2,2,-1,2,-1,5,1,1,4,5,-1,4,0,-1,0,2,-1,-1,-1,-5,-2,-1,-2,-2,-2,-3,-5,-5
2020/6/4,2,1,4,4,0,4,3,1,1,1,3,4,3,-1,5,5,3,3,3,-1,1,2,0,2,0,5,1,1,5,3,1,4,1,0,1,1,1,-1,0,-3,-1,-1,0,0,0,1,-2,-5
2020/6/5,1,3,1,2,-1,2,0,0,2,0,1,4,2,0,3,5,3,1,4,-3,2,3,1,2,1,6,3,1,4,4,3,9,4,1,1,1,0,3,0,-3,0,-1,0,1,-1,1,1,-5
2020/6/6,1,2,3,4,3,8,6,2,1,-2,-3,-1,1,-5,2,3,3,2,7,-1,1,5,2,2,2,7,4,1,6,7,4,9,4,2,1,2,3,0,4,-2,0,1,1,2,0,3,1,-6
2020/6/7,2,2,5,5,3,7,6,4,4,1,2,3,3,2,2,5,5,6,7,2,2,4,1,2,4,8,5,3,6,8,7,8,2,1,3,5,4,2,5,-2,1,2,3,3,1,4,5,-9
2020/6/8,-1,-3,-2,0,-3,0,-1,-2,-2,-3,-2,-1,-1,-3,-1,0,0,-1,2,-5,-1,0,-3,-2,-1,2,0,-1,1,2,1,2,1,-2,1,3,-2,-2,-1,-4,-1,-2,0,0,-2,-1,0,-13
2020/6/9,2,1,3,2,-2,3,2,1,1,2,2,3,1,-2,3,3,2,1,2,0,2,0,1,1,1,5,4,3,6,4,4,6,1,2,1,2,1,1,1,-2,-1,0,1,1,-1,-1,2,-6
2020/6/10,2,5,11,10,7,10,9,6,4,4,3,4,4,-1,3,6,3,5,6,2,2,0,-2,-2,-1,4,2,-2,2,3,-1,6,4,0,0,3,-4,2,0,-8,3,3,4,4,1,3,0,-2
2020/6/11,-6,0,3,3,0,2,2,0,-4,-7,-4,-5,-6,-13,-8,2,-1,-1,-2,-4,-3,-5,-10,-8,-6,-4,-10,-12,-6,-8,-7,1,0,-5,-6,-7,-1,-5,-8,-8,-8,-6,-9,-10,-4,-3,-6,-3
2020/6/12,0,5,1,1,1,1,0,2,0,1,0,0,2,-3,1,4,2,1,2,-5,1,3,2,1,-2,2,-1,-1,2,1,2,5,1,-1,0,3,-3,0,0,-1,-3,-3,-3,-3,-2,-2,-3,-5
2020/6/13,-6,4,5,4,3,9,6,0,-7,-8,-7,-10,-10,-18,-13,4,3,3,2,-7,-5,-4,-4,-6,-4,-4,-9,-10,-5,-1,-1,1,-4,-3,-4,-3,1,-3,-1,-3,-4,-3,-3,-2,-1,5,5,-3
2020/6/14,-2,3,3,2,-2,5,1,-1,2,-1,-1,-1,0,-4,-3,-3,-8,-8,-8,-1,-3,-2,0,-2,-2,3,1,-1,3,1,2,0,-5,-1,-4,-1,1,0,2,-2,-4,-2,-2,-2,-2,4,2,-3
2020/6/15,3,4,3,7,2,5,3,2,2,-1,0,2,3,1,2,4,5,4,4,-1,2,4,1,3,3,8,5,5,6,6,8,7,9,3,6,9,2,4,3,0,4,3,6,3,3,2,0,-3
2020/6/16,3,0,4,3,1,4,3,2,2,0,1,4,5,0,4,4,4,2,2,2,3,3,4,2,1,6,3,3,7,4,5,9,6,4,4,2,2,1,2,-1,1,1,2,1,1,3,7,-2
2020/6/17,2,0,7,7,6,7,6,4,3,3,2,4,4,0,2,6,3,4,5,-1,3,2,-1,2,0,4,3,2,6,4,0,5,4,1,4,4,0,0,1,-2,1,2,2,1,0,3,2,-4
2020/6/18,-4,0,4,3,2,4,3,1,0,0,0,0,0,-5,0,3,0,0,-1,-2,-2,-4,-5,-6,-8,-2,-10,-14,-8,-9,-7,1,-2,-9,-10,-12,-9,-12,-10,-10,-10,-4,-5,-4,-4,1,-1,-5
2020/6/19,-5,2,1,0,-1,1,1,-2,-5,-6,-5,-9,-10,-17,-13,4,1,0,1,-6,0,0,-6,-1,-4,1,-2,-3,3,-2,0,5,2,1,2,3,-1,-1,-1,-5,-1,0,1,-2,-2,0,-1,-7
2020/6/20,6,10,8,8,7,14,13,6,7,5,5,6,7,5,7,7,5,6,7,7,6,7,7,5,6,11,8,5,10,9,8,10,6,7,5,6,7,6,6,3,3,4,6,5,6,6,5,-3
2020/6/21,2,6,5,8,3,10,10,5,5,2,2,-1,2,-1,0,7,7,8,9,6,5,4,3,1,3,10,6,3,6,6,10,12,5,3,3,6,3,1,5,0,2,5,6,5,5,5,5,-2
2020/6/22,-5,-4,-1,0,-3,1,-1,-4,-8,-5,-5,-11,-14,-17,-14,0,1,-1,1,-8,-2,0,-6,-1,-1,5,0,0,2,1,1,2,1,-2,0,4,-2,-2,0,-4,-1,-1,1,-1,-1,0,0,-10
2020/6/23,3,2,4,2,-1,5,3,1,1,0,1,4,4,2,4,4,3,2,2,0,3,2,2,1,2,6,4,3,6,3,4,6,3,2,2,3,3,1,0,-1,0,-1,1,0,1,2,3,-3
2020/6/24,1,-1,6,5,2,7,6,2,1,1,0,2,2,-2,-1,6,3,4,5,-1,3,1,-2,1,-1,5,3,1,4,3,1,5,2,0,1,3,-1,-1,0,-3,1,1,3,1,1,1,2,-5
2020/6/25,2,6,6,5,3,8,7,5,1,2,4,1,1,-3,2,7,3,4,3,2,3,2,1,2,1,7,3,3,5,4,4,6,3,1,1,-1,3,4,2,-3,-4,-3,-1,2,3,5,3,-5
2020/6/26,1,1,0,-1,-2,-1,1,2,2,0,0,3,2,-1,2,5,1,-1,2,-5,2,3,2,1,-1,4,2,0,3,0,2,6,5,1,-1,2,-2,0,-1,-2,0,-1,2,-1,-1,3,1,-7
2020/6/27,3,5,4,6,5,10,10,5,5,3,3,4,4,2,5,7,6,6,9,2,5,5,5,4,3,9,7,4,7,5,8,9,4,6,2,2,4,4,2,-2,-4,-6,-3,-7,-4,-4,-4,-4
2020/6/28,-1,1,4,6,2,8,7,2,-3,-4,-1,-5,-5,-8,-7,6,6,8,6,-5,2,2,-3,0,0,5,4,1,3,1,5,9,2,4,5,6,2,3,5,0,3,2,5,4,2,7,4,-3
2020/6/29,0,-2,-1,2,-2,2,0,-2,-1,-4,-2,0,1,0,1,2,2,1,1,-5,-1,-1,-1,-1,-1,3,3,3,4,0,4,2,0,2,0,2,0,-2,1,-1,-2,-4,0,-1,-2,1,-1,-5
2020/6/30,-2,9,8,4,0,9,8,2,-1,-2,0,-1,-2,-9,-3,7,5,5,3,-5,1,-6,-7,-6,-3,-2,-7,-12,-4,-7,-9,9,6,3,-1,3,4,5,2,-4,2,0,2,-3,2,0,-2,0
2020/7/1,-2,5,6,2,2,4,3,6,0,0,0,-2,-4,-10,-10,1,1,1,4,-6,1,-2,-15,0,-4,1,3,4,5,3,7,0,-2,-1,-1,1,-2,-1,0,-1,-1,-3,0,2,-2,4,3,-10
2020/7/2,3,-4,1,2,2,2,4,2,2,0,1,4,4,3,9,3,2,1,1,-3,1,0,5,1,-1,2,3,4,6,0,3,2,0,0,2,3,1,1,1,-1,-1,-3,0,0,-1,3,1,-4
2020/7/3,-4,4,0,1,0,1,1,0,-1,-3,-3,0,-1,-5,-1,3,1,-1,1,-9,-1,-3,-1,-4,-6,-3,-8,-11,-6,-8,-3,2,-1,-7,-6,-1,-6,-8,-8,-10,-6,-7,-3,-5,-8,-6,-8,-4
2020/7/4,-1,5,1,2,-5,6,3,-3,-2,-3,-1,0,-3,-4,-3,-3,-3,-5,0,-7,-2,-2,-6,-2,-5,0,-2,-4,2,-6,-6,5,1,1,-2,3,0,2,1,-6,-1,-1,3,0,0,3,2,-3
2020/7/5,2,6,4,5,1,6,6,2,2,0,1,0,1,5,-1,4,7,8,6,-3,1,1,-1,1,-1,4,7,6,6,2,10,8,5,1,2,4,3,3,3,-1,0,-3,0,0,-1,0,-7,-2
2020/7/6,-9,1,-2,0,-6,-1,-2,-5,-7,-9,-5,-8,-9,-12,-9,-2,-2,-4,-3,-12,-6,-12,-11,-12,-9,-7,-13,-15,-12,-13,-10,0,-1,-8,-12,-12,-6,-7,-10,-11,-17,-20,-16,-6,-11,-2,0,-4
2020/7/7,-1,1,2,3,-1,4,4,3,1,1,1,3,2,-1,2,1,1,0,1,-5,0,-4,0,-2,-1,1,0,-1,1,-1,4,5,0,-3,-6,-6,0,-5,-8,-2,-13,-15,-14,-11,-12,-1,3,-2
2020/7/8,-1,-2,5,5,0,4,4,-1,0,-4,-3,1,0,-3,-3,3,1,3,3,-10,-3,-6,-7,-2,-6,0,-2,-3,2,-3,-2,3,0,0,4,6,-2,0,2,-2,4,2,7,6,2,4,-1,-4
2020/7/9,-2,4,4,2,2,4,3,2,-1,-1,1,-3,-3,-11,-4,3,3,3,2,-8,-1,-2,-6,-3,-5,3,0,0,4,-5,-1,4,2,0,1,0,-1,-2,-2,-5,-6,-8,-6,-4,-4,0,-6,-4
2020/7/10,0,8,4,3,0,4,3,3,3,0,0,4,4,0,3,3,2,0,1,-6,1,-2,1,1,-2,1,-2,-4,-3,-1,4,5,-1,-2,-7,-5,-4,-4,-6,-8,-8,-14,-10,-3,-4,3,-1,-3
2020/7/11,1,7,-2,0,1,4,5,0,2,-1,-1,2,2,0,1,1,3,4,4,-5,-4,-4,-1,-1,-3,0,-2,-2,1,-3,3,8,3,1,1,5,0,2,2,-1,2,-1,3,-3,-3,5,3,-2
2020/7/12,2,5,1,1,-3,5,5,3,3,0,1,3,3,2,3,3,4,6,4,0,1,1,4,3,0,5,6,6,7,1,7,9,2,2,1,5,2,5,2,-1,-5,-5,1,4,-2,4,5,-2
2020/7/13,-5,-1,-2,1,-3,0,-1,-2,-3,-5,-4,-3,-3,-5,-5,-1,-2,-4,-4,-8,-4,-8,-4,-7,-6,-5,-10,-11,-8,-11,-1,-4,-8,-9,-10,-3,-6,-8,-3,-6,-4,-6,0,2,-2,0,0,-5
2020/7/14,-2,3,2,0,-11,3,-3,-4,-4,-4,-1,0,-3,-5,-2,-3,-1,-2,0,-6,0,-4,-4,-2,-4,0,-2,-3,1,-7,-1,6,1,-1,-1,1,-1,-2,-4,-5,-3,-3,-1,-3,-3,0,0,-3
2020/7/15,1,4,9,9,5,9,5,4,2,-1,-3,0,1,-7,-3,5,3,4,3,-4,1,1,1,3,0,5,2,2,6,2,8,7,5,2,2,5,2,6,2,-1,0,-1,4,3,1,4,1,-2
2020/7/16,3,2,4,3,0,4,4,2,2,0,2,5,4,2,7,4,3,4,4,-3,0,0,2,2,-1,3,3,4,6,0,4,7,4,2,2,3,1,0,0,-2,0,-2,2,1,-1,0,-2,-7
2020/7/17,-3,3,0,0,0,2,0,1,-1,-2,-2,-2,-5,-10,-7,3,2,1,2,-9,0,-3,-6,-4,-5,0,-2,-4,3,-4,3,6,1,0,0,3,-2,0,-1,-2,-2,-3,0,0,-2,1,-1,-7
2020/7/18,0,6,2,3,0,8,3,1,-3,-2,-1,-1,-5,-3,0,1,0,2,5,-5,0,-2,-1,0,-2,3,3,2,5,1,5,8,2,2,1,3,2,0,1,-2,-1,-1,2,3,1,4,2,-5
2020/7/19,0,5,1,3,-1,4,3,2,1,-2,-1,1,2,1,1,4,6,6,5,-3,1,-1,-1,0,-1,3,2,1,3,0,7,9,1,0,-1,3,2,0,2,-3,-2,-3,1,1,-2,2,-2,-4
2020/7/20,1,7,3,4,0,6,3,0,-1,-3,-2,1,1,-1,0,2,4,3,3,-5,0,-1,-2,1,3,2,1,2,5,0,5,6,4,1,1,5,2,2,1,-1,0,-2,3,1,1,4,1,-4
2020/7/21,3,1,5,4,-1,6,3,4,2,2,1,5,4,0,5,4,6,3,5,-1,2,0,3,2,0,4,2,3,7,2,10,8,3,3,2,3,5,3,4,2,-3,-2,1,2,1,6,7,-2
2020/7/22,4,6,11,10,8,11,8,6,4,4,4,4,4,-1,3,10,6,7,8,1,9,3,3,4,2,8,5,3,6,4,7,7,4,2,-1,5,2,3,3,2,2,3,7,6,5,9,6,-1
2020/7/23,3,11,14,12,7,16,17,11,4,5,5,-1,1,-17,-1,16,12,14,15,9,10,9,7,3,8,12,7,-1,11,9,21,18,11,7,5,8,9,8,8,9,-2,3,5,7,7,9,6,2
2020/7/24,1,7,7,8,3,9,12,6,6,4,4,8,9,-4,4,14,8,9,13,6,8,4,4,-1,3,7,2,-9,0,3,14,15,4,0,-12,-6,0,-1,-5,-5,-6,-4,-3,-9,-6,-5,-13,-3
2020/7/25,-3,6,3,4,-2,9,7,2,-3,-1,-1,-8,-4,-12,-4,5,3,4,5,-5,-1,-7,-2,-6,-6,-3,-6,-9,-2,-7,1,14,6,6,3,6,0,5,3,0,-1,1,3,3,4,7,6,-3
2020/7/26,-4,2,1,3,-2,5,3,1,0,-5,-4,-4,0,-6,-5,1,3,3,2,-7,-3,-8,-9,-8,-10,-2,-5,-9,-3,-10,-4,10,2,-1,-4,0,-4,-4,-1,-8,-7,-6,-2,1,-1,1,-1,-5
2020/7/27,-1,1,-2,-1,-5,0,-2,-2,-2,-4,-3,-1,0,-4,0,0,0,-1,0,-6,-2,-3,-2,-1,0,2,0,1,2,1,4,4,1,0,-4,1,-2,-2,-1,-7,-7,-9,-4,-2,-1,1,1,-5
2020/7/28,0,4,4,1,-12,3,-7,-6,-1,-2,0,3,2,-5,-1,-3,2,0,0,-3,2,-2,2,2,1,4,1,1,5,1,5,8,1,1,2,3,1,2,-2,0,-3,-1,0,1,-1,2,4,-4
2020/7/29,1,1,8,9,6,8,7,4,1,-2,-1,2,3,-2,0,6,3,4,4,-3,2,-1,-2,1,-2,1,-3,-1,1,0,4,4,2,-3,-4,3,-1,0,-1,-2,-2,0,2,1,-1,4,1,-4
2020/7/30,2,7,5,7,3,8,7,2,1,1,1,4,3,-1,5,5,3,5,3,0,2,-1,1,3,2,3,-1,-1,4,-2,5,8,5,0,4,4,3,6,2,2,1,0,4,2,1,3,2,-4
2020/7/31,1,4,0,2,-1,0,0,-1,0,1,1,3,2,-1,3,3,5,2,5,-2,3,1,1,0,-1,5,4,1,4,1,6,8,4,1,2,3,-1,0,0,0,0,0,3,1,0,1,1,-5
2020/8/1,3,13,5,6,4,9,8,7,2,1,1,3,3,1,4,4,4,4,9,2,3,0,2,1,0,6,4,3,6,4,12,7,4,1,2,4,2,3,2,3,0,-1,3,3,2,1,3,-7
2020/8/2,2,4,5,4,0,8,5,5,3,3,1,1,5,0,2,6,8,6,10,4,4,0,2,0,1,6,4,2,4,2,10,8,3,1,2,6,1,4,2,1,0,-1,1,1,1,-1,2,-9
2020/8/3,0,2,1,3,-1,2,1,1,0,0,-1,0,1,-2,0,3,3,1,4,0,2,-2,-2,-1,1,4,1,1,4,0,5,4,4,-1,0,3,-1,1,-1,-1,-1,-3,2,1,-1,-1,1,-9
2020/8/4,5,6,8,7,1,8,6,5,4,5,5,6,5,0,5,8,7,5,8,6,8,1,5,3,5,9,6,4,8,4,10,10,6,4,4,4,5,6,3,4,0,0,3,2,1,2,5,-4
2020/8/5,3,6,12,11,7,11,9,8,5,5,5,4,5,-1,3,10,5,5,8,3,8,2,1,2,3,6,3,1,5,2,6,9,8,2,3,5,2,7,1,2,0,2,4,2,1,4,4,-3
2020/8/6,3,5,7,7,3,8,7,6,4,4,5,3,4,-2,4,7,6,5,6,4,6,1,2,1,3,6,3,1,6,1,6,7,6,1,2,4,2,2,1,1,0,1,2,2,1,2,2,-5
2020/8/7,1,4,4,3,2,2,2,4,4,3,3,3,3,-1,3,5,2,-2,3,2,6,-2,1,-1,2,4,3,0,5,2,8,5,2,1,2,5,0,3,0,2,0,-1,1,2,0,3,2,-6
2020/8/8,2,9,5,2,-3,7,1,2,2,2,1,2,3,-2,2,1,3,1,7,6,7,1,3,0,2,6,3,0,5,4,11,8,4,3,3,6,4,2,2,3,-1,-1,2,3,3,3,3,-5
2020/8/9,1,8,7,2,-2,4,4,6,5,2,3,-1,5,-3,0,6,7,6,10,14,10,1,3,-3,4,7,5,-1,5,5,21,14,7,2,3,10,6,5,4,6,0,4,3,3,5,4,5,-16
2020/8/10,4,12,15,15,7,15,19,10,7,6,6,4,6,-7,2,16,10,9,16,13,15,9,7,3,11,13,6,-2,9,10,22,15,7,5,5,8,7,7,6,2,0,1,1,3,5,2,0,-10
2020/8/11,8,12,20,16,8,19,16,15,11,13,13,8,8,-3,6,15,12,8,13,19,22,11,13,9,12,15,9,4,13,12,23,17,9,9,8,8,9,9,7,8,0,4,8,6,8,8,9,-3
2020/8/12,8,16,31,26,16,27,23,18,14,13,8,3,8,-9,1,22,11,11,13,22,25,11,11,7,10,11,5,2,12,13,20,20,14,8,8,11,10,11,8,9,8,11,14,9,11,11,10,-5
2020/8/13,10,21,30,29,14,31,31,21,15,19,20,8,9,-7,6,29,18,17,17,27,28,15,13,7,13,18,9,2,15,14,27,25,16,12,13,14,12,13,12,13,6,12,15,11,13,13,14,-5
2020/8/14,6,12,12,12,7,7,14,12,10,10,8,6,8,-5,4,19,21,18,24,17,17,12,10,2,8,14,7,-2,11,10,22,21,10,7,7,12,8,9,9,14,0,8,13,7,7,8,9,-6
2020/8/15,0,10,7,5,2,6,8,4,2,1,1,-2,0,-7,-1,5,4,3,11,6,7,0,1,-5,-1,4,-1,-6,2,1,14,12,3,1,-1,3,3,4,4,5,-4,-2,4,1,1,1,1,-8
2020/8/16,-3,2,3,3,-1,4,2,1,1,0,0,-4,0,-7,-3,1,5,2,5,3,5,-5,-1,-6,-4,0,-3,-5,0,-3,4,7,1,-3,-3,1,-2,-4,-1,-2,-6,-5,-1,-1,-3,-3,-1,-9
2020/8/17,-1,2,1,2,0,1,1,1,-3,-3,-2,-2,-1,-5,-2,3,4,2,4,0,3,-2,-1,-2,-1,2,-2,-2,2,-2,3,4,2,-2,1,2,1,-1,0,-1,-1,-2,2,1,-1,-1,0,-9
2020/8/18,1,3,5,3,-1,5,4,3,1,1,2,3,2,-3,2,5,5,2,4,4,5,-1,1,-2,0,5,1,0,5,0,5,7,2,1,1,1,3,1,0,1,-3,-2,1,1,-1,1,3,-8
2020/8/19,0,0,7,6,3,5,5,3,0,1,1,0,2,-4,0,6,3,3,5,0,4,-2,-2,-1,-3,3,-1,-3,2,-2,0,3,1,-1,-2,0,-2,0,-2,-2,-3,-2,1,0,-2,0,0,-8
2020/8/20,2,6,8,7,3,9,8,4,3,1,3,1,2,-4,2,6,4,5,3,3,4,0,1,2,3,5,1,0,6,-1,3,5,3,1,1,1,3,3,0,2,-2,-1,2,0,-1,1,1,-8
2020/8/21,-3,1,-4,-1,-2,-2,-2,1,-1,-2,-1,-2,-1,-5,-1,3,3,1,2,-4,0,-5,-2,-4,-5,1,-2,-6,-1,-4,0,4,-2,-2,-4,-1,-4,-3,-3,-3,-5,-3,-1,-4,-5,-2,-3,-10
2020/8/22,-1,3,1,2,-1,4,3,0,0,-3,-3,-2,-1,-4,1,2,3,2,7,-4,-1,-3,-1,-1,-3,2,-4,-5,1,-3,2,6,0,0,-1,2,1,-1,1,-3,-4,-4,-2,-1,-3,-1,0,-9
2020/8/23,-3,1,2,2,-2,4,3,2,-2,-1,-2,-5,-5,-8,-5,3,7,3,6,-1,1,-2,-3,-2,-3,3,1,-1,1,-2,4,5,-3,-3,-4,0,-2,-2,-1,-5,-5,-4,0,-2,-5,-2,-1,-17
2020/8/24,-3,-1,-3,1,-4,0,-1,-2,-4,-4,-3,-4,-3,-5,-3,-1,2,0,1,-5,-1,-3,-5,-4,-4,1,-3,-3,-1,-3,0,3,0,-3,-3,0,-3,-3,-1,-4,-4,-5,1,-2,-4,-4,-2,-27
2020/8/25,3,7,6,6,0,6,6,4,3,3,3,4,4,-1,4,7,8,4,5,1,6,1,3,1,1,6,5,2,6,1,7,13,7,3,2,3,2,3,2,2,-1,-1,3,1,-1,-1,4,-2
2020/8/26,0,2,8,8,4,7,6,4,1,1,1,0,2,-3,0,7,5,5,6,-1,5,-1,0,-1,-3,3,-1,-3,2,-2,-1,8,6,-2,-2,0,-2,-2,-2,-3,-3,-2,0,0,-5,-2,-3,-10
2020/8/27,0,5,5,6,2,6,6,3,0,-1,0,-1,0,-5,0,5,4,4,4,-1,2,-1,-2,-1,-3,2,-2,-5,1,-4,1,5,0,-1,2,1,0,-1,-1,-3,-3,-2,-1,0,-1,-1,0,-6
2020/8/28,-2,3,1,2,-1,1,0,0,-1,-1,-2,-1,0,-3,0,6,4,2,3,-3,3,-1,-3,-4,-5,1,-3,-3,1,-4,3,5,0,-2,-1,0,-3,-2,-4,-4,-5,-4,-3,-2,-6,-3,-1,-7
2020/8/29,0,2,1,4,0,7,5,1,1,0,0,-1,0,-3,2,4,4,2,8,2,4,3,1,-1,-2,7,-1,-2,1,1,7,7,1,2,0,1,2,0,0,-1,-2,-1,3,2,-1,0,1,0
2020/8/30,0,-6,-2,0,1,3,7,3,4,1,1,-2,3,-3,0,7,11,7,9,5,4,1,1,-2,1,7,2,-1,1,1,6,11,2,3,-1,3,2,4,2,-2,-2,0,3,0,-1,0,2,2
2020/8/31,-2,0,-3,3,-4,0,-1,-4,-3,-6,-3,-4,-2,-5,-5,2,4,0,3,-5,-1,0,-4,-2,-3,3,-2,-2,0,-1,2,5,-1,0,-2,2,-1,-3,-1,-5,-2,-2,4,0,-3,-3,3,-13
2020/9/1,1,7,4,4,-2,5,6,5,0,2,0,1,1,-2,3,4,6,1,4,0,2,0,0,-1,-2,2,1,-1,4,0,9,7,-1,-1,-1,3,3,0,1,1,-2,-1,5,2,-2,-1,1,-54
2020/9/2,-3,-2,4,4,2,3,2,0,-3,-5,-5,-5,-2,-7,-4,5,6,3,5,-5,1,-1,-4,-1,-5,-1,-3,-4,-2,-4,-3,3,0,-5,-4,-1,-7,-2,-2,-8,-7,-9,-12,-4,-11,-11,-13,-5
2020/9/3,-1,0,4,2,-1,3,2,1,-1,-2,-1,-2,-1,-5,-1,4,3,4,3,-5,-1,-3,-9,-4,-4,1,-2,-1,1,-3,0,5,-2,-3,-2,-1,3,-1,-2,-5,-4,-4,0,4,-1,3,6,-11
2020/9/4,-1,-2,-5,0,-3,-3,-3,-3,-2,-7,-5,-6,-2,-5,0,3,2,-1,0,-5,0,-4,-2,-6,-7,0,-4,-5,-1,-5,1,5,0,-3,-1,14,0,-3,-1,-5,15,16,23,22,10,18,20,-4
2020/9/5,2,4,2,2,-2,5,3,-1,-1,-3,-3,0,0,-2,2,4,6,3,7,-1,1,2,1,1,1,7,2,-3,-1,1,5,10,5,1,4,17,9,5,5,3,15,14,20,16,14,15,18,-6
2020/9/6,-8,1,3,3,0,6,5,1,0,-2,-2,-6,-4,-9,-6,4,10,5,7,-3,1,0,-3,-3,-12,-1,-3,-6,-4,-5,-1,8,0,-7,-7,-8,-11,-7,-10,-20,-22,-29,-27,-32,-33,-61,-58,-42
2020/9/7,-13,-1,-2,0,-3,0,-1,-4,-5,-7,-5,-9,-7,-12,-11,0,3,-1,-2,-12,-4,-12,-13,-15,-13,-4,-6,-7,-12,-6,-8,-5,-16,-11,-19,-41,-15,-10,-13,-20,-60,-57,-61,-50,-39,-21,-26,-11
2020/9/8,1,3,4,4,-2,4,4,1,0,1,0,1,1,-2,2,4,5,1,2,-2,2,1,-2,0,0,2,2,0,4,0,5,5,-1,-1,0,3,3,0,0,0,0,-1,5,2,-3,-1,2,-9
2020/9/9,-3,-1,5,5,2,3,3,0,-1,-2,-1,-2,-1,-5,-2,2,5,3,3,-5,-1,-6,-7,-7,-7,0,-4,-7,-3,-5,-3,0,-2,-6,-5,-1,-1,-4,-3,-7,-3,-3,2,-1,-5,-2,0,-12
2020/9/10,0,5,5,6,0,6,7,4,2,0,1,0,0,-4,2,4,4,-1,1,1,1,-2,-2,-4,-2,0,-2,-2,2,-2,2,6,0,-2,0,1,3,1,0,-1,0,-2,4,1,-1,1,1,-7
2020/9/11,-2,0,-1,-1,-1,0,-1,-1,-1,-3,-2,-1,0,-3,1,5,3,2,2,-4,1,-2,-3,-4,-4,2,-3,-4,-2,-4,2,3,-5,-4,-7,-3,-7,-6,-6,-15,-5,-4,-2,-1,-7,-3,-4,-10
2020/9/12,-3,3,-3,2,-8,4,4,-2,-4,-3,-2,-7,-6,-11,-5,4,6,4,8,-2,3,3,-1,-1,-3,6,1,-2,2,0,7,6,-2,-2,-5,-3,4,0,0,-2,-6,-7,0,-2,-4,-2,0,-8
2020/9/13,-2,-1,-2,0,0,0,1,1,1,-3,-1,-6,0,-4,0,3,11,4,7,3,2,-1,-2,-4,-4,4,0,-2,0,-3,4,11,1,0,-1,3,2,3,1,-3,-3,-4,2,-1,-5,-2,-2,-9
2020/9/14,-4,-4,-3,-1,-5,-3,-1,-4,-4,-5,-4,-5,-3,-7,-4,1,4,0,1,-6,-2,-2,-5,-4,-5,1,-1,-3,-2,-2,1,5,-2,-5,-5,0,-2,-4,-1,-5,-4,-6,0,-2,-7,-6,-3,-10
2020/9/15,2,3,4,4,-1,5,5,1,2,2,2,2,3,-2,3,6,8,3,4,1,4,2,1,0,1,6,4,1,4,2,9,11,4,2,0,2,3,5,2,2,-2,-2,2,-1,-5,-1,2,-6
2020/9/16,-1,-3,6,6,3,4,3,1,1,0,1,-1,0,-4,-1,6,7,4,5,-3,3,0,-3,-1,-4,2,0,-3,0,-1,0,5,3,-3,-5,-1,-1,-2,-2,-6,-5,-5,-2,-2,-6,-3,-4,-8
2020/9/17,-3,0,1,3,-2,2,2,0,0,-3,-1,-2,-1,-6,0,1,3,0,-2,-4,-1,-3,-5,-4,-4,-1,-4,-4,-2,-4,2,2,-5,-5,-5,-3,0,-2,-3,-6,-8,-6,-3,-3,-5,-2,-2,-10
2020/9/18,-3,-1,-1,2,-1,-1,-1,1,0,-2,-1,-2,-1,-5,-1,2,1,-2,0,-2,1,-1,-3,-5,-4,-1,-4,-7,-2,-5,4,5,0,-4,-4,-1,-2,-2,-4,-4,-7,-4,-2,-3,-7,-2,-3,-11
2020/9/19,1,7,2,6,3,6,6,5,2,1,3,-2,1,-4,3,3,6,6,11,7,9,5,3,-1,1,8,4,-1,3,3,13,12,5,1,0,3,5,2,3,2,-2,0,3,2,0,0,2,-8
2020/9/20,2,10,8,11,5,14,12,10,8,5,7,-4,2,-8,-2,10,18,14,17,18,16,5,4,-3,6,11,10,-1,5,5,19,25,12,5,1,10,8,9,6,8,-1,5,9,6,6,5,4,-8
2020/9/21,5,9,6,14,6,11,16,10,9,9,10,5,7,-7,3,17,18,14,23,24,22,15,6,-1,9,21,10,-4,7,13,23,30,12,4,2,10,11,9,8,7,0,8,9,6,6,4,5,-4
2020/9/22,5,4,8,9,5,9,14,9,9,9,9,10,9,-4,7,13,15,9,16,14,14,11,4,2,5,15,10,-1,9,8,14,19,4,5,1,7,8,8,7,8,-1,3,3,2,-1,2,4,-8
2020/9/23,-2,-1,4,6,4,3,3,3,0,-1,0,-4,-2,-10,-5,5,7,5,4,-2,5,-1,-3,-1,-4,2,0,-3,1,-1,0,2,-1,-4,-4,1,-1,-2,-1,-5,-4,-3,2,0,-3,-1,0,-10
2020/9/24,-5,2,2,4,-2,2,2,-3,-7,-6,-2,-10,-13,-16,-8,3,6,4,2,-6,0,0,-4,-2,-2,2,-1,-2,0,-2,2,3,-2,-4,-5,-4,0,-2,-4,-6,-9,-6,-5,-7,-8,-8,-7,-9
2020/9/25,-4,5,-4,-5,-13,-1,-6,-7,-4,-4,-5,-6,-3,-8,-2,4,3,0,0,-6,-3,-6,-4,-8,-9,-3,-7,-11,-6,-8,-1,9,4,-3,-1,2,-4,-2,-2,-1,-1,-1,2,3,-2,1,2,-8
2020/9/26,0,3,-1,5,2,5,3,1,0,-1,-1,-3,-1,-7,-3,2,5,2,5,-2,3,4,1,1,0,7,3,2,4,4,8,9,4,2,0,2,4,1,2,-1,-2,-3,2,2,-1,0,2,-7
2020/9/27,2,4,4,7,4,6,5,4,5,2,2,0,4,1,3,7,16,10,12,0,5,3,0,-1,1,9,6,2,4,3,8,11,2,3,3,6,3,3,4,-1,-1,-1,3,2,-2,1,1,-8
2020/9/28,1,2,-1,5,1,2,2,-1,-1,-1,0,-1,0,-1,1,4,10,4,5,-1,2,3,-1,0,-1,6,3,1,2,2,4,8,1,2,1,4,2,0,2,-3,-1,-3,4,1,-3,-3,0,-8
2020/9/29,3,5,3,4,0,5,4,2,2,2,3,3,3,0,4,6,10,5,6,2,5,3,2,1,1,6,5,2,5,2,7,9,2,0,-1,3,5,3,3,2,-2,-1,2,1,-3,0,3,-7
2020/9/30,5,6,10,12,9,10,9,7,6,4,5,4,6,2,6,12,14,11,11,3,8,5,2,4,4,8,7,3,6,5,4,9,5,1,-1,4,6,5,4,1,2,5,6,6,2,4,5,-5
2020/10/1,1,6,5,6,4,6,6,7,2,1,1,0,0,-4,2,4,7,4,4,0,0,1,-3,0,-2,4,3,3,4,3,10,5,-1,-2,1,2,1,-1,2,-2,-3,-3,1,0,-2,-2,0,-7
2020/10/2,-2,-1,-4,-2,-3,-2,-3,-2,-3,-3,-3,-2,0,-3,1,4,5,2,3,-5,1,-1,-3,-3,-4,1,-1,-2,0,-3,1,4,-1,-4,-4,-1,-3,-2,-3,-5,-5,-5,-2,-3,-7,-3,-4,-11
2020/10/3,1,3,0,5,1,4,3,0,1,-1,1,0,1,0,4,3,7,5,9,2,4,4,1,0,-1,6,1,-1,3,1,7,8,1,-1,-1,2,4,1,1,-2,-2,-1,1,1,-2,-1,1,-7
2020/10/4,0,1,-1,7,3,3,5,2,4,0,2,-1,3,-1,2,7,14,9,10,5,6,1,0,-2,-1,4,2,0,2,0,7,11,2,-1,-2,2,1,2,1,-2,-3,-2,1,2,-4,0,1,-8
2020/10/5,-2,0,-3,1,-3,-1,-2,-3,-3,-4,-3,-4,-3,-5,-2,1,4,0,1,-5,-1,-1,-4,-3,-4,1,-2,-2,-1,-1,3,10,2,-4,-3,1,-1,0,0,-5,-3,-5,2,-1,-5,-4,-1,-7
2020/10/6,1,1,2,2,-2,3,2,1,0,0,0,1,2,-2,3,4,7,2,2,-1,4,1,1,0,0,3,3,1,3,0,4,8,1,-1,-2,0,2,1,1,1,-4,-4,0,-1,-6,-2,3,-6
2020/10/7,-2,-2,4,6,4,4,4,2,0,-3,-3,-4,-1,-9,-4,6,7,4,4,-6,-1,-2,-5,-3,-4,1,-1,-4,0,-2,0,3,-1,-4,-1,0,1,-1,0,-4,-4,-3,1,-1,-3,0,0,-9
2020/10/8,-7,0,1,3,-5,4,1,-1,-5,-7,-4,-12,-10,-17,-10,2,5,3,1,-8,-2,-4,-9,-8,-6,-4,-9,-15,-7,-11,-4,3,-2,-6,-4,0,-4,-5,-6,-8,-4,-4,1,0,-5,-1,-3,-11
2020/10/9,-7,0,-2,0,0,0,-1,2,-4,-6,-6,-8,-5,-12,-7,4,5,2,1,-10,-1,-5,-7,-8,-10,-3,-9,-15,-9,-12,-7,4,-1,-4,-4,-2,-12,-8,-6,-14,-5,-4,-2,-2,-8,-8,-6,-9
2020/10/10,-7,8,3,7,-2,11,9,-3,-12,-9,-7,-17,-17,-22,-19,5,8,5,6,-16,-1,-3,-18,-10,-16,0,-1,-3,1,-9,-4,9,2,-1,1,1,1,1,0,0,-2,-2,2,3,0,-1,1,-6
2020/10/11,2,4,2,6,1,8,5,4,5,2,3,1,3,3,6,6,14,9,8,4,7,3,3,2,3,7,5,4,4,3,7,11,3,0,0,4,4,6,2,-1,-2,-1,4,3,-2,1,1,-6
2020/10/12,-2,-5,-3,-2,-4,0,0,-2,-3,-3,-3,-3,-2,-3,0,0,5,1,0,-5,-1,0,-3,-2,-2,3,0,-1,-1,-1,2,6,-2,-5,-4,1,-1,-2,-2,-5,-4,-5,1,-1,-6,-4,-3,-7
2020/10/13,1,1,2,3,-1,4,2,1,0,0,0,1,1,-2,2,4,8,2,2,-1,3,1,0,0,0,4,3,1,3,0,5,7,0,-2,-2,-1,2,1,0,1,-5,-4,0,-1,-5,-2,1,-6
2020/10/14,-1,-4,4,6,3,4,3,0,0,-1,0,-1,1,-3,1,5,7,5,4,-4,3,0,-3,-1,-3,2,0,-2,0,-1,0,2,0,-4,-4,-2,0,-2,-2,-5,-4,-3,0,0,-4,-2,-1,-8
2020/10/15,3,8,9,11,5,10,8,7,4,3,5,1,-2,-5,1,8,11,9,7,2,5,6,2,4,5,9,7,4,7,5,12,12,8,3,5,8,6,8,4,1,2,3,8,5,2,3,5,-4
2020/10/16,1,1,1,2,1,3,2,2,1,1,0,2,4,0,4,6,7,4,5,-2,4,2,1,1,-1,4,2,0,3,0,6,8,3,-1,-1,0,0,-1,-1,-1,-4,-2,0,-1,-5,0,-1,-6
2020/10/17,-4,6,3,7,3,9,7,1,-6,-6,-6,-12,-10,-16,-10,5,8,7,10,-6,1,0,-4,-5,-6,0,-7,-11,-4,-8,4,11,6,-2,1,3,3,-1,0,-1,-1,1,4,3,0,-1,2,-5
2020/10/18,4,5,5,8,4,9,7,6,7,5,6,2,6,3,6,8,16,11,12,7,9,6,3,2,3,9,8,6,6,4,12,13,5,2,2,4,5,6,4,2,-1,2,5,4,0,2,3,-6
2020/10/19,-5,-1,-1,3,-3,1,-2,-2,-7,-4,-4,-9,-9,-13,-10,1,6,1,3,-9,-1,0,-8,-5,-6,0,-3,-5,-2,-5,1,7,0,-5,-3,0,0,-2,-2,-6,-4,-4,2,0,-6,-4,-2,-8
2020/10/20,4,7,7,6,2,9,9,3,4,3,2,5,6,2,7,8,10,5,3,4,5,3,5,2,5,7,6,4,7,3,8,10,2,1,0,1,6,5,1,4,-2,-2,2,1,-4,-2,2,-5
2020/10/21,1,-1,6,7,4,5,5,3,2,1,1,1,3,-2,2,7,9,7,6,-2,4,2,-1,1,0,7,4,0,2,1,2,5,1,-3,-2,0,1,-1,0,-3,-3,-1,2,2,-4,0,0,-7
2020/10/22,-1,2,3,5,2,6,4,3,2,-1,1,0,1,-3,3,5,8,6,2,0,1,2,0,0,0,2,-2,-3,0,-2,4,4,-4,-9,-9,-7,1,-3,-8,-12,-11,-7,-3,-4,-9,-3,-2,-15
2020/10/23,-3,-3,1,2,-2,2,1,1,-3,-3,-1,-5,-3,-10,-5,5,6,2,4,-4,2,0,-4,-4,-2,2,0,-5,0,-3,3,9,4,0,2,4,0,1,2,1,-1,-1,2,4,-3,0,1,-8
2020/10/24,4,6,2,7,5,8,6,5,4,3,4,3,4,2,7,3,6,4,6,8,9,6,4,2,4,10,6,3,6,6,11,12,6,4,4,3,7,3,5,3,0,2,4,6,1,2,5,-5
2020/10/25,5,5,4,9,8,9,9,7,9,5,8,2,7,3,6,10,21,14,15,13,11,6,5,2,6,10,9,6,6,7,13,19,9,6,5,5,7,7,6,3,1,3,6,6,1,3,5,-5
2020/10/26,0,0,0,5,1,4,3,1,-1,1,0,-1,0,-2,0,5,8,5,6,-1,2,4,1,-1,0,7,1,0,1,3,4,12,4,0,0,2,2,0,2,-2,-2,-3,4,2,-4,-2,0,-6
2020/10/27,3,3,4,5,1,7,6,4,2,3,3,2,3,-2,3,6,10,5,6,1,6,4,2,1,3,5,5,2,5,3,7,11,2,-1,2,2,4,3,5,3,-3,-1,2,0,-5,-1,3,-6
2020/10/28,1,0,6,8,5,6,6,4,2,2,2,0,2,-3,1,7,8,7,7,-1,5,3,-1,0,-1,4,2,-1,2,1,3,4,2,-3,-1,0,0,0,0,-2,-2,-1,2,2,-3,0,0,-7
2020/10/29,0,0,2,4,0,4,3,2,1,-1,1,-1,1,-4,2,4,7,6,4,1,2,3,-1,-1,0,4,1,1,2,0,6,6,0,-3,0,0,2,-1,-2,-4,-3,-2,3,1,-2,-1,0,-7
2020/10/30,0,2,0,2,-1,3,2,1,0,-1,0,-1,1,-4,0,6,6,6,4,0,4,4,0,-1,1,4,2,0,3,0,5,9,3,-1,-1,0,1,3,0,-2,-3,-1,1,0,-5,-2,-1,-8
2020/10/31,2,4,2,7,2,7,7,3,2,3,3,0,2,-1,4,5,9,7,11,7,8,9,3,0,2,9,4,1,3,3,10,12,5,-1,1,2,6,3,4,2,-2,2,4,3,0,0,3,-6
2020/11/1,2,5,5,9,5,10,9,8,6,5,5,-1,3,-3,1,8,16,12,13,12,8,5,2,-2,2,6,6,4,3,4,17,16,4,-1,0,4,3,4,3,2,-3,1,4,1,-3,0,1,-7
2020/11/2,-4,2,-1,3,-1,0,2,0,-2,-2,-1,-3,-2,-7,-3,3,5,0,1,2,2,-1,-3,-7,-3,-2,-8,-13,-9,-7,0,12,1,-8,-5,0,-2,-5,-2,-6,-7,-5,1,-3,-8,-6,-3,-6
2020/11/3,5,3,5,7,5,7,11,6,4,3,4,6,5,-6,5,12,12,7,10,8,10,9,4,2,5,10,9,3,11,11,15,19,4,3,4,4,7,10,8,8,-1,3,3,2,-3,2,2,-7
2020/11/4,-1,-7,1,5,3,1,2,0,-1,-1,-1,-1,1,-4,0,1,5,2,3,-1,2,0,-3,-1,-2,2,1,-2,1,-1,-1,5,0,-4,-3,-1,0,-2,0,-2,-5,-4,0,-1,-5,-2,-2,-10
2020/11/5,0,2,2,4,1,5,2,2,1,-1,0,-1,0,-4,2,4,8,6,4,2,0,1,-2,-1,0,3,2,1,3,-1,5,8,1,-3,0,0,3,2,0,-2,-3,-2,2,0,-3,-1,0,-8
2020/11/6,-3,-3,-4,-2,-3,-2,-3,-1,-3,-4,-1,-3,-1,-4,0,3,4,2,2,-3,-1,-1,-2,-4,-4,1,0,-2,1,-2,1,6,0,-5,-4,-3,-2,-2,-3,-4,-5,-4,-3,-3,-8,-5,-6,-10
2020/11/7,-2,1,-1,1,0,3,1,0,0,0,0,-2,-1,-4,0,-1,4,3,6,1,1,0,-3,-5,-3,1,-5,-8,-5,-5,2,7,0,-4,-3,-1,2,0,-1,-3,-5,-3,0,-2,-5,-3,-1,-8
2020/11/8,1,-1,0,4,3,3,3,3,4,2,2,-2,2,-2,1,5,13,11,11,9,5,4,0,-1,2,6,5,1,3,2,8,14,4,1,2,4,4,6,4,0,-3,-1,3,2,-3,-1,1,-9
2020/11/9,-3,-10,-7,-1,-5,-5,-5,-4,-4,-4,-3,-4,-4,-6,-2,-2,4,-1,2,-4,-3,0,-5,-3,-3,2,-2,-3,-2,-2,3,8,-1,-6,-4,-1,-2,-3,-2,-5,-5,-7,1,-2,-7,-7,-4,-9
2020/11/10,2,5,4,4,1,5,6,3,2,2,2,1,2,-2,3,3,9,3,4,3,4,2,1,0,2,4,4,1,4,1,6,10,1,0,0,1,4,3,3,4,-2,-2,2,0,-4,0,3,-3
2020/11/11,0,-4,6,7,3,5,3,2,1,0,0,-1,1,-4,0,5,7,7,6,1,0,1,-3,0,-2,4,0,-2,1,0,1,5,1,-4,-2,0,0,-1,0,-3,-3,-3,1,0,-4,-1,0,-6
2020/11/12,0,1,2,4,0,4,2,1,1,-1,0,-1,-1,-5,1,3,7,6,5,2,1,2,-2,-2,1,3,1,-1,2,-2,5,7,-1,-3,0,1,1,0,0,-3,-4,-2,1,0,-3,-1,-1,-7
2020/11/13,-1,-2,-2,0,0,-1,-2,2,0,-1,-2,-1,1,-3,1,4,5,5,5,0,0,1,-2,-2,-1,4,1,-3,1,-2,4,6,1,-3,-1,-1,-2,-1,-2,-3,-4,-2,-1,0,-6,-3,-3,-9
2020/11/14,1,1,2,5,1,6,4,2,1,1,1,0,1,-1,3,4,7,8,11,6,4,5,2,-1,1,9,4,0,3,2,10,10,4,-1,1,1,5,2,3,1,-2,1,2,2,0,-1,1,-6
2020/11/15,3,2,4,6,3,7,5,5,7,4,4,0,5,0,3,7,15,13,13,10,6,5,3,0,4,9,8,3,4,4,15,16,8,2,4,7,6,9,6,1,-1,3,5,3,0,2,2,-5
2020/11/16,-2,-5,-3,1,-2,-2,-2,-3,-3,-3,-2,-4,-2,-5,-2,0,5,2,2,-1,-2,1,-2,-2,-2,3,1,-2,-1,-2,3,9,2,-5,-3,-1,-1,-3,-2,-5,-2,-4,1,-1,-6,-5,-3,-8
2020/11/17,0,0,0,2,-2,2,2,0,-1,-1,-1,0,1,-4,1,2,7,2,3,-1,2,1,-1,-2,0,3,4,-1,3,0,6,7,-1,-2,-1,-1,2,0,1,0,-4,-4,-1,-2,-7,-4,-1,-7
2020/11/18,-1,-5,3,5,3,2,2,1,-1,-2,-1,-1,0,-4,0,4,6,6,5,-2,1,0,-4,-1,-3,5,2,-3,1,0,0,4,0,-5,-3,-1,-1,-2,-1,-4,-4,-3,0,0,-5,-3,-3,-8
2020/11/19,-1,-6,1,4,0,3,1,1,0,-3,0,-1,-1,-5,2,3,6,5,3,-1,-1,2,-3,-1,0,4,3,0,2,-1,3,5,-2,-4,-1,-2,1,0,-1,-6,-6,-5,-4,-1,-5,-3,-1,-8
2020/11/20,-1,5,1,1,0,3,1,2,1,-2,-1,0,1,-4,0,4,5,3,1,0,1,0,-3,-3,1,2,0,-4,2,-3,2,9,3,-1,-1,0,0,3,0,0,-2,-1,3,1,-4,-1,-3,-7
2020/11/21,1,-2,0,4,0,5,3,2,1,0,0,-2,0,-3,3,1,5,8,9,5,5,4,2,-1,1,8,6,-1,3,2,10,10,3,1,1,3,4,1,3,1,-2,3,4,3,1,-1,1,-6
2020/11/22,-1,-4,0,5,1,5,3,3,6,2,3,-2,3,-4,1,6,13,12,11,12,7,2,1,-4,3,8,7,-2,1,2,12,16,5,0,-2,3,3,2,2,2,-7,2,2,1,-2,0,1,-6
2020/11/23,1,-5,2,6,3,4,8,4,2,2,1,2,3,-8,1,8,11,10,12,4,5,9,1,0,4,11,5,-3,4,7,11,15,4,2,1,4,5,6,3,1,-2,3,4,1,-3,-2,-1,-8
2020/11/24,0,-3,1,0,-2,2,1,0,-1,0,0,-1,0,-5,1,3,6,3,2,0,1,1,0,-1,0,5,4,0,3,1,5,8,0,-2,-1,-1,1,1,2,2,-4,-4,1,-1,-7,-3,0,-7
2020/11/25,0,2,7,9,6,6,5,3,0,0,1,-2,-2,-6,0,8,8,8,5,0,3,1,-1,1,-2,5,4,-1,3,1,2,9,6,-3,-1,1,0,2,2,-1,-2,-1,3,1,-4,0,1,-5
2020/11/26,1,-2,2,5,1,4,5,2,2,-2,0,1,2,-2,4,3,5,4,3,1,0,2,1,-1,0,4,3,0,3,0,4,9,2,-3,0,0,0,-1,0,-3,-1,-1,2,1,-3,-2,0,-7
2020/11/27,-2,-1,-1,0,0,0,-2,0,-2,-2,-3,-2,-1,-5,-1,5,5,3,2,-3,1,0,-2,-3,-3,4,3,-1,2,-1,3,5,-1,-4,0,0,-3,-2,-1,-3,-4,-3,-1,-2,-7,-3,-3,-9
2020/11/28,0,-2,-2,2,1,4,0,0,-1,-1,-2,-1,1,-2,4,0,4,3,5,0,2,3,2,-2,-1,6,2,-2,2,0,6,4,1,-1,3,1,3,0,1,1,-3,-2,2,0,-4,-2,1,-7
2020/11/29,0,-2,3,6,4,6,3,3,3,0,0,-1,3,-3,1,6,12,10,9,2,4,2,2,-2,1,7,6,0,2,-1,8,12,3,-2,1,2,4,2,1,0,-3,-1,4,0,-4,1,1,-8
2020/11/30,0,1,-3,1,-1,0,-2,-2,-2,-3,-2,-1,0,-3,0,1,5,3,2,-3,0,2,-1,1,2,5,3,2,3,2,4,9,2,-1,0,3,4,2,2,-3,-2,-3,4,0,-5,-3,-2,-8
2020/12/1,2,2,2,2,0,4,4,5,2,1,1,3,3,-2,3,1,7,3,2,0,2,1,-1,0,0,3,4,2,5,2,10,7,0,-1,0,1,1,0,2,2,-4,-5,0,-2,-7,-4,0,-8
2020/12/2,-3,-4,3,5,3,2,1,0,-3,-2,-1,-3,-5,-11,-7,5,8,6,4,-3,1,1,-4,0,-2,3,1,-2,1,-1,-1,3,-1,-4,-2,1,-1,-1,0,-4,-4,-5,1,-1,-6,-2,-3,-9
2020/12/3,0,-2,0,2,-1,2,0,1,1,-3,0,0,1,-3,3,1,3,2,2,-3,-1,2,-2,-1,-1,3,2,0,3,-1,3,3,-3,-3,0,2,2,-1,-1,-4,-4,-3,2,-1,-4,-3,-2,-11
2020/12/4,-1,-3,-4,-1,-2,-1,-3,-1,-3,-3,-2,-1,1,-2,2,3,5,3,3,-3,-1,-1,-2,-2,-2,4,2,-1,2,-3,3,6,0,-3,-1,0,-1,-1,-2,-3,-5,-4,0,-1,-7,-3,-3,-10
2020/12/5,-1,3,0,4,0,6,1,-1,-3,-1,-1,-4,-5,-8,-3,0,6,4,6,-1,1,3,0,1,0,7,3,0,3,0,7,11,4,2,3,2,5,3,2,0,-1,-1,4,1,-1,-1,1,-6
2020/12/6,1,-1,2,6,2,5,3,2,3,-1,1,0,4,1,3,5,14,10,9,2,2,2,2,0,1,5,4,0,2,-1,6,14,5,2,2,5,4,4,4,-1,-2,0,4,2,-4,0,0,-8
2020/12/7,-2,-4,-6,-1,-4,-2,-4,-3,-4,-4,-4,-4,-2,-5,-2,-1,4,0,0,-5,-3,-1,-4,-2,-2,3,0,-2,0,-1,1,7,-2,-2,-1,1,0,-4,-2,-6,-4,-5,1,-2,-7,-5,-4,-9
2020/12/8,0,-2,-1,1,-3,2,0,-1,-1,-1,-2,0,1,-3,2,0,3,0,0,-2,0,1,-1,-2,0,3,2,0,4,0,3,7,-1,-1,1,1,2,-1,0,0,-5,-3,0,-2,-7,-4,-1,-9
2020/12/9,-2,-5,2,4,2,2,2,1,-1,-2,-1,-2,-1,-5,-1,5,8,5,4,-4,0,-1,-4,-2,-3,3,1,-3,1,-2,-2,3,0,-5,-3,0,-1,-2,-2,-5,-5,-3,0,-1,-6,-3,-3,-12
2020/12/10,2,5,4,8,4,6,6,5,2,0,2,0,0,-4,3,4,9,6,5,1,1,2,0,0,2,5,3,1,4,0,5,9,1,-1,3,3,3,2,3,-1,-1,1,5,3,-1,2,3,-5
2020/12/11,-2,-2,-3,0,-1,0,-3,1,-2,-3,-2,-2,0,-4,0,5,5,4,3,-5,-1,-1,-3,-3,-3,2,1,-2,2,-1,3,6,1,-3,-1,-1,-2,-2,-3,-4,-4,-3,0,-1,-6,-2,-2,-8
2020/12/12,1,2,1,5,2,7,2,1,0,-1,1,-1,0,-2,2,1,7,6,7,-1,0,3,1,-1,0,6,2,-1,3,-1,8,10,3,-1,2,4,5,1,3,-2,-2,0,4,2,-2,-1,3,-4
2020/12/13,1,-2,1,7,4,5,1,2,4,0,1,-2,3,-2,1,5,14,11,8,2,2,1,1,-2,1,5,4,0,3,-2,7,14,5,1,2,6,5,6,4,-1,-1,-1,5,2,-4,1,3,-5
2020/12/14,-5,-10,-10,-6,-5,-6,-8,-4,-5,-4,-4,-6,-5,-8,-4,-5,1,-1,-1,-7,-6,-1,-5,-4,-4,1,-3,-5,-3,-4,0,3,-4,-6,-4,-1,-1,-5,-2,-6,-5,-5,1,-1,-7,-6,-3,-10
2020/12/15,3,3,2,1,-4,1,-3,2,3,3,3,4,5,-1,5,0,6,1,2,2,4,3,3,1,4,6,5,2,7,4,10,4,2,3,4,5,6,7,5,5,-1,1,5,2,-3,1,5,-4
2020/12/16,-1,-6,1,4,2,0,-1,-2,1,-1,0,0,2,-4,1,0,0,1,-4,-2,0,-9,-1,-3,-3,0,-1,-3,1,-1,-2,-2,0,-3,-2,0,2,-2,1,-3,-4,-2,2,1,-4,0,1,-7
2020/12/17,0,-1,-1,3,-8,3,-6,-1,1,-2,-1,-1,0,-5,2,1,4,2,0,-2,-1,2,-1,1,-1,2,1,-1,3,-2,2,0,-2,-2,2,2,4,-1,2,-3,-3,-1,3,2,-3,-1,0,-7
2020/12/18,0,-2,-1,1,1,1,-1,2,0,-2,-1,0,2,-3,2,3,6,1,1,-4,2,3,-1,-1,-1,5,2,-1,3,0,3,7,1,-2,1,0,0,-2,-2,-4,-4,-2,0,0,-6,-2,-2,-11
2020/12/19,1,-3,-6,0,2,-2,-3,0,1,0,-1,-1,1,-2,3,-2,5,2,4,-2,2,4,2,2,0,5,2,-1,3,-1,4,6,0,0,1,2,4,0,2,-2,-2,-1,4,3,-1,0,2,-6
2020/12/20,2,1,3,7,2,6,0,3,6,1,2,0,5,0,3,4,10,6,4,5,2,3,4,1,4,5,4,3,5,1,7,9,2,2,2,5,7,8,4,0,-1,-1,6,3,-2,2,2,-7
2020/12/21,0,-1,-4,2,1,0,0,0,-1,-1,0,-1,0,-4,0,1,8,3,3,-4,0,3,-2,0,0,4,1,0,2,1,4,11,1,-2,0,3,1,-1,2,-4,-2,-2,5,1,-4,-1,-1,-7
2020/12/22,2,1,4,3,1,6,4,2,0,0,1,2,3,-3,3,4,9,1,3,0,3,3,2,1,1,5,5,1,5,2,5,10,0,0,1,3,5,1,3,1,-3,-2,2,1,-5,-1,2,-6
2020/12/23,3,1,9,9,9,9,6,4,2,1,2,3,5,-1,4,8,11,9,6,2,5,3,0,2,1,7,4,1,5,3,2,7,4,-1,1,4,4,2,2,-1,-1,0,5,4,-1,3,2,-9
2020/12/24,8,10,13,15,11,14,12,11,10,5,10,8,10,3,10,13,15,13,10,8,11,9,6,6,8,13,6,2,9,5,11,16,8,5,7,8,10,5,6,3,2,4,10,8,4,7,10,0
2020/12/25,5,4,5,7,6,6,3,6,4,4,4,5,7,3,7,8,9,6,5,1,6,4,4,1,2,8,7,6,9,7,10,14,7,2,5,6,5,6,4,1,3,4,7,6,0,3,5,-3
2020/12/26,1,-7,-2,2,2,5,1,-1,0,-1,-1,0,1,-1,4,1,6,6,5,-2,1,3,3,0,-1,7,5,1,5,3,8,12,4,2,2,4,5,2,3,-1,0,1,5,4,0,0,3,-6
2020/12/27,2,1,7,8,5,11,4,3,4,0,0,0,4,0,3,7,15,11,8,4,4,3,4,-1,2,6,7,4,6,4,11,16,6,3,2,6,7,6,4,0,-2,0,6,4,-3,2,2,-6
2020/12/28,9,7,10,12,9,11,8,6,6,7,8,7,9,2,9,11,19,16,16,7,11,18,8,10,11,17,11,8,13,15,17,22,14,10,12,16,12,9,11,5,11,9,17,13,7,6,11,0
2020/12/29,17,10,20,19,15,22,21,14,14,15,15,16,16,4,16,26,31,25,29,15,26,29,18,17,18,26,21,13,23,23,27,41,23,14,17,18,20,18,20,17,14,17,23,19,15,14,21,-2
2020/12/30,17,14,14,13,18,19,24,17,16,18,18,18,18,4,17,23,25,22,23,18,22,30,19,19,20,25,20,12,25,23,25,24,15,17,16,17,25,22,22,18,11,15,22,22,17,22,21,2
2020/12/31,13,7,16,24,9,15,9,11,18,16,21,21,22,5,21,14,10,8,3,19,18,17,22,10,10,1,8,11,19,15,23,-21,-15,8,12,7,17,15,17,18,2,6,6,10,8,18,8,5
2021/1/1,-41,-53,-39,-44,-46,-37,-37,-33,-31,-38,-39,-40,-33,-48,-42,-37,-44,-46,-53,-33,-38,-47,-30,-39,-30,-42,-44,-47,-39,-43,-35,-46,-48,-39,-43,-41,-32,-30,-34,-36,-42,-36,-41,-39,-42,-39,-38,-15
2021/1/2,-21,-21,-13,-9,-8,-11,-13,-10,-12,-15,-12,-20,-17,-30,-24,-21,-23,-27,-26,-14,-16,-22,-19,-24,-18,-15,-27,-30,-21,-26,-21,-18,-27,-23,-24,-20,-9,-13,-13,-17,-26,-15,-19,-19,-21,-18,-13,-15
2021/1/3,-14,-17,-8,-8,-8,-6,-14,-9,-7,-12,-10,-18,-10,-19,-14,-17,-5,-12,-15,-9,-9,-15,-13,-17,-12,-10,-16,-15,-11,-17,-7,-7,-12,-15,-15,-9,-8,-8,-10,-14,-12,-10,-7,-9,-14,-12,-9,-14
2021/1/4,0,-3,-1,5,2,-1,0,-1,-1,1,1,1,1,-6,1,4,8,2,2,-1,3,7,3,2,2,8,-1,-3,4,2,5,10,1,-2,0,2,3,3,2,-4,-3,-2,3,-2,-4,-4,-1,-10
2021/1/5,0,-2,2,1,-2,2,-1,-3,-2,0,1,1,0,-5,2,2,6,-3,-1,-2,3,2,2,2,-1,2,0,-3,1,-3,2,9,1,-1,1,0,2,4,0,-1,-3,-2,2,0,-6,-4,0,-10
2021/1/6,0,-3,7,6,2,7,4,0,-3,-3,-2,-1,0,-5,0,10,9,6,6,-4,0,0,-4,-1,-4,4,1,-3,1,0,-1,11,8,-4,-1,6,2,1,2,-3,0,2,7,3,-3,-2,2,-9
2021/1/7,-5,-9,-8,-4,1,-7,-7,0,-2,-5,-4,-2,-4,-6,-2,-7,-4,-12,-3,-6,-5,-2,-7,-4,-4,-2,-6,-10,-6,-10,-2,-13,-20,-7,-6,-12,-3,-7,-7,-6,-13,-8,-5,-4,-8,-6,-1,-12
2021/1/8,-8,-15,-17,-9,-10,-13,-15,-9,-4,-7,-5,-3,-1,-5,0,-16,-17,-16,-21,-8,-9,-10,-7,-7,-9,-6,-6,-7,-4,-8,-5,-18,-24,-7,-11,-24,-7,-5,-9,-9,-25,-21,-19,-8,-18,-7,-8,-11
2021/1/9,-8,-7,-9,-4,-4,-12,-11,-7,-6,-9,-6,-5,-4,-6,-1,-25,-33,-24,-34,-10,-8,-5,-5,-5,-7,-2,-5,-8,-4,-7,-3,-12,-21,-6,-6,-18,-5,-4,-7,-7,-30,-31,-37,-9,-16,-10,-11,-10
2021/1/10,-5,-4,-6,0,-1,-3,-3,-2,-1,-6,-3,-6,-2,-6,-3,-20,-19,-23,-30,-1,-5,-9,-3,-6,-4,-2,-2,-4,-1,-5,2,-9,-13,-2,-4,-3,0,3,-3,-4,-8,-9,-8,-5,-9,-8,-4,-7
2021/1/11,-4,-8,-6,2,-1,-3,-2,-2,-4,-5,-4,-1,-1,-11,-4,-9,-3,-4,-10,-5,-5,1,-5,-4,-3,0,-4,-6,1,2,3,2,-6,-5,-4,3,2,0,1,-5,-2,-4,2,-5,-9,-13,-4,-9
2021/1/12,-7,-5,-1,-4,-13,0,-3,-7,-9,-8,-5,-7,-10,-14,-10,-3,5,-2,-2,-14,-7,-5,-8,-7,-6,-5,-7,-9,-5,-15,-4,4,-4,-5,-4,2,-2,-3,-2,-3,-5,-3,1,-3,-9,-7,1,-7
2021/1/13,-4,-13,0,2,3,-2,-3,-2,-4,-5,-5,-3,-1,-7,-2,-3,1,2,0,-8,-5,-4,-6,-3,-6,-1,-2,-4,-1,-1,-4,-1,-3,-6,-6,-2,-2,-3,-2,-8,-5,-6,-2,-3,-8,-8,-4,-9
2021/1/14,-5,-13,-5,-4,-2,-4,-5,-5,-4,-8,-6,-5,-4,-9,-3,-4,4,0,0,-8,-6,-4,-7,-6,-5,-3,-4,-5,-2,-6,-3,-1,-6,-7,-5,-3,-2,-5,-6,-8,-8,-7,-4,-4,-9,-9,-5,-12
2021/1/15,-6,-5,-6,-3,-4,-4,-6,-3,-7,-8,-7,-6,-7,-10,-5,1,3,-1,-2,-10,-6,-5,-7,-6,-6,-2,-3,-5,-2,-4,0,0,-3,-5,-5,-3,-5,-1,-6,-8,-8,-7,-6,-6,-12,-10,-7,-13
2021/1/16,-7,-13,-8,-6,-6,-4,-9,-9,-8,-12,-10,-5,-5,-6,-2,-8,-1,-6,-4,-11,-11,-7,-6,-7,-10,-4,-9,-10,-6,-10,-5,-3,-5,-6,-5,-5,-3,-6,-6,-8,-8,-9,-7,-6,-11,-12,-5,-13
2021/1/17,-9,-12,-8,-4,-6,-7,-7,-7,-7,-12,-8,-11,-8,-12,-8,-7,0,-3,-4,-10,-8,-8,-8,-9,-9,-6,-7,-7,-6,-9,-5,-3,-8,-6,-7,-5,-5,-4,-7,-9,-11,-10,-8,-9,-13,-13,-8,-15
2021/1/18,-9,-11,-10,-6,-8,-8,-11,-10,-11,-12,-10,-9,-8,-12,-8,-11,-3,-11,-7,-13,-10,-7,-11,-8,-9,-6,-8,-9,-7,-8,-7,-4,-14,-9,-10,-8,-7,-8,-11,-11,-13,-12,-8,-9,-14,-14,-10,-14
2021/1/19,-8,-19,-19,-14,-15,-19,-16,-14,-9,-10,-9,-7,-6,-11,-5,-13,-4,-12,-10,-10,-8,-7,-8,-8,-8,-7,-7,-7,-4,-8,-5,-5,-10,-6,-7,-5,-3,-5,-7,-7,-10,-10,-8,-7,-13,-12,-7,-12
2021/1/20,-5,-7,-1,2,2,1,0,-2,-4,-6,-5,-3,-2,-9,-4,0,2,-1,-3,-7,-3,-5,-6,-3,-4,-2,-4,-6,-1,-5,-5,-3,-5,-5,-6,-4,-3,-2,-5,-7,-7,-7,-5,-5,-10,-10,-7,-11
2021/1/21,-6,-8,-5,-4,-5,-4,-6,-5,-5,-9,-6,-5,-5,-10,-4,-3,1,-3,-4,-9,-7,-4,-8,-5,-6,-2,-4,-4,-2,-6,-3,-2,-9,-7,-5,-5,-5,-7,-6,-11,-9,-7,-6,-6,-10,-11,-8,-16
2021/1/22,-9,-10,-9,-7,-7,-7,-10,-7,-7,-9,-7,-3,-3,-6,-2,-5,-4,-7,-7,-10,-8,-8,-8,-10,-12,-9,-15,-17,-12,-15,-7,-5,-10,-11,-11,-10,-8,-10,-9,-11,-13,-10,-9,-8,-14,-11,-10,-20
2021/1/23,-11,-9,-6,-3,-5,-1,-5,-6,-11,-9,-7,-10,-13,-17,-11,-6,0,-3,-3,-8,-9,-8,-13,-11,-13,-7,-14,-17,-12,-14,-9,-4,-8,-10,-10,-9,-8,-10,-10,-14,-13,-12,-10,-9,-16,-14,-9,-14
2021/1/24,-13,-10,-6,-2,-5,-3,-2,-10,-15,-21,-18,-24,-18,-24,-21,-4,3,-3,-1,-24,-16,-7,-9,-10,-10,-7,-10,-12,-9,-12,-6,0,-8,-5,-7,-5,-4,-3,-4,-11,-10,-10,-6,-6,-12,-11,-4,-14
2021/1/25,-4,-5,-8,-3,-5,-5,-7,-6,-6,-6,-6,-3,-2,-5,-2,-4,0,-4,-2,-9,-8,-4,-6,-3,-4,1,-1,0,0,-2,-2,4,-2,-5,-3,-2,-3,-3,-3,-8,-5,-7,-2,-4,-10,-11,-6,-13
2021/1/26,-5,-8,-4,-4,-6,-3,-5,-5,-4,-4,-5,-1,-1,-7,-1,-3,2,-5,-5,-6,-5,-4,-4,-5,-6,-3,-5,-6,-3,-4,-3,1,-9,-7,-11,-12,-6,-5,-7,-11,-13,-11,-10,-8,-15,-12,-6,-12
2021/1/27,-6,-12,-1,0,-1,-2,-2,-3,-6,-6,-6,-5,-7,-11,-9,-2,1,-1,-2,-9,-6,-5,-10,-5,-8,-4,-5,-7,-4,-6,-6,-3,-5,-6,-4,-2,-5,-5,-5,-7,-7,-6,-4,-6,-10,-9,-5,-14
2021/1/28,-7,-6,-4,-2,-5,1,-4,-5,-8,-9,-6,-10,-10,-19,-11,1,8,2,1,-10,-8,-3,-10,-5,-6,-2,-4,-5,-1,-5,-3,1,-6,-5,-3,-2,-3,-5,-6,-10,-7,-6,-4,-5,-9,-9,-6,-15
2021/1/29,-8,-19,-12,-12,-9,-16,-14,-9,-6,-7,-7,-3,-2,-5,-1,-11,-8,-11,-10,-12,-9,-11,-7,-9,-9,-5,-6,-8,-5,-9,-5,-10,-13,-8,-9,-10,-8,-8,-9,-10,-12,-9,-10,-8,-13,-10,-10,-15
2021/1/30,-3,-11,-13,-7,-7,-9,-12,-9,-5,-6,-5,-2,-1,-3,2,-10,-5,-6,-6,-6,-5,-3,-2,-2,-4,1,-3,-3,1,-3,0,-1,-6,1,-2,-3,2,1,-3,-4,-6,-5,-4,-3,-7,-7,-3,-12
2021/1/31,-3,-9,-5,0,-4,-1,-4,-4,0,-5,-3,-4,0,-4,-1,-2,6,2,3,-4,-5,-1,-2,-2,-5,3,-1,-1,-1,-3,1,5,-4,3,-3,-2,0,0,-2,-6,-5,-4,-2,-4,-8,-7,-3,-13
2021/2/1,-7,-3,-6,-2,-4,-4,-4,-3,-6,-8,-7,-6,-4,-9,-5,-5,1,-6,-6,-10,-9,-7,-8,-8,-8,-6,-9,-8,-7,-6,-2,-2,-9,-6,-10,-9,-6,-7,-7,-10,-15,-16,-11,-9,-11,-12,-8,-14
2021/2/2,3,-1,1,3,1,1,3,2,2,3,4,5,3,-3,4,4,8,1,2,1,6,6,2,3,3,8,7,4,9,6,8,10,1,3,4,5,6,5,4,4,0,-1,2,0,-5,-3,3,-10
2021/2/3,-8,-17,-10,-4,-4,-11,-9,-7,-7,-8,-8,-5,-3,-9,-4,-9,-1,-5,-8,-11,-8,-8,-10,-7,-10,-7,-8,-9,-6,-10,-10,-6,-9,-10,-9,-8,-8,-7,-8,-11,-10,-9,-6,-8,-13,-11,-9,-14
2021/2/4,-7,-11,-10,-11,-12,-15,-15,-9,-6,-9,-7,-6,-5,-9,-3,-9,-2,-7,-6,-9,-9,-6,-8,-7,-7,-4,-7,-6,-3,-8,-5,-3,-9,-8,-8,-6,-4,-6,-7,-9,-9,-7,-5,-7,-10,-11,-7,-13
2021/2/5,-5,-8,-9,-6,-5,-5,-7,-4,-6,-6,-5,-3,-2,-6,-1,-1,1,-3,-5,-10,-6,-5,-6,-5,-7,-1,-4,-4,-2,-5,-2,2,-4,-6,-6,-6,-5,-3,-7,-8,-8,-7,-7,-6,-12,-9,-7,-11
2021/2/6,-2,-6,-4,0,-1,0,-2,-4,-4,-5,-3,-1,-1,-3,2,-3,5,0,2,-6,-4,0,-2,-1,-4,3,-2,-3,0,-3,1,4,-1,-3,-3,-2,-1,-1,-2,-5,-5,-5,-3,-2,-7,-8,-2,-9
2021/2/7,-4,-10,-5,0,-2,-3,-3,-3,-1,-5,-3,-4,-1,-5,-2,-4,7,-1,1,-4,-5,-3,-4,-4,-4,-1,-3,-4,-2,-5,0,3,-5,-4,-3,-1,-2,0,-2,-6,-6,-6,-2,-3,-9,-7,-3,-12
2021/2/8,-8,-14,-13,-7,-10,-13,-13,-9,-9,-9,-9,-8,-7,-10,-7,-11,-2,-10,-8,-10,-10,-4,-9,-5,-7,-4,-7,-7,-6,-7,-4,-3,-9,-8,-7,-4,-6,-7,-7,-11,-8,-9,-5,-7,-12,-12,-8,-14
2021/2/9,-5,-8,-7,-5,-8,-6,-10,-8,-5,-5,-5,-3,-3,-8,-2,-7,2,-8,-8,-7,-5,-5,-5,-6,-6,-5,-4,-5,-2,-4,-1,-1,-8,-4,-6,-5,-2,-3,-4,-5,-8,-7,-5,-6,-11,-10,-5,-11
2021/2/10,-1,-3,4,6,5,3,2,3,-1,-1,-1,0,1,-5,0,2,11,2,0,-4,0,-1,-4,-2,-3,2,-1,-2,1,-2,-1,3,-1,-3,-3,-1,-1,-1,-2,-5,-3,-4,-1,-1,-6,-4,-2,-7
2021/2/11,-1,-7,-2,4,1,1,4,1,2,-2,-3,1,2,-9,3,3,6,5,4,-2,-2,4,-2,-2,0,7,2,-3,4,4,7,8,-3,1,0,-1,3,4,0,-4,-4,-1,-1,-1,-4,-4,-1,-22
2021/2/12,-4,-5,-6,-3,-3,-3,-5,-2,-3,-5,-4,-2,-1,-7,0,0,1,-2,-2,-8,-3,-2,-5,-5,-6,-1,-3,-5,-1,-4,0,1,-5,-5,-4,-3,-4,-4,-5,-7,-6,-6,-5,-3,-9,-8,-6,-9
2021/2/13,-2,-5,-5,-1,-2,2,-2,-3,-3,-4,-3,-2,-1,-4,1,-2,3,1,3,-6,-3,0,-2,-2,-5,2,-2,-3,-1,-4,2,3,-3,-2,-3,-1,0,-2,-3,-6,-4,-3,-1,-1,-8,-12,-2,-10
2021/2/14,-4,-8,-5,0,0,0,-1,-2,1,-4,-2,-3,0,-5,-1,0,9,3,4,-3,-2,-3,-3,-4,-4,-1,-2,-3,-2,-3,4,4,-5,0,-5,-2,0,1,-4,-7,-8,-7,-5,-4,-10,-9,-2,-10
2021/2/15,-10,-5,-5,-3,-12,-2,-5,-10,-15,-13,-12,-17,-16,-21,-16,-4,1,-4,-4,-14,-8,-5,-11,-8,-8,-4,-8,-10,-6,-8,4,7,-1,-5,-2,1,-2,-3,-3,-5,-4,-5,2,-3,-7,-6,-1,-9
2021/2/16,-1,-16,-14,-9,-4,-12,-6,-2,0,0,-1,3,4,-3,4,-6,3,-3,-1,-3,-1,0,-1,-2,-2,1,0,-1,2,0,4,8,0,-3,-2,-1,2,-1,-1,-1,-4,-5,-1,-4,-8,-6,-1,-9
2021/2/17,-6,-11,-3,-2,3,-3,-5,-2,-4,-3,-4,-3,-3,-7,-2,-10,-16,-12,-9,-8,-8,-3,-8,-4,-7,-5,-7,-10,-5,-10,-4,-9,-13,-9,-8,-10,-9,-7,-7,-9,-14,-9,-7,-7,-11,-7,-5,-13
2021/2/18,-6,-9,-3,0,-2,-2,-6,-6,-2,-5,-3,-2,-1,-8,1,-8,-13,-7,-9,-7,-5,-11,-6,-7,-6,-7,-7,-6,-3,-6,1,-16,-16,-6,-4,-9,0,-5,-9,-9,-16,-13,-14,-8,-12,-8,-9,-12
2021/2/19,-3,-4,-5,-3,-3,-2,-3,-3,-4,-5,-4,-2,0,-5,1,0,2,-1,-1,-8,-2,0,-5,-3,-6,-1,-4,-4,-1,-4,2,3,-3,-5,-4,0,-2,-3,-5,-7,-4,-2,-1,-4,-9,-8,-3,-12
2021/2/20,2,2,-1,1,3,6,4,1,1,-1,1,2,2,-1,5,2,8,4,5,0,1,5,2,4,3,7,1,1,5,1,7,8,-1,-1,1,3,6,3,-1,-2,-1,-1,2,0,-3,-6,1,-7
2021/2/21,-1,-6,-4,1,-1,2,1,0,3,-2,1,-1,2,-3,2,2,12,6,8,0,1,2,0,0,-1,6,1,0,0,-1,8,10,-1,-2,0,4,3,2,0,-4,-3,0,3,-1,-4,-7,1,-9
2021/2/22,0,-5,-6,0,0,1,-1,-2,-2,-3,-1,-1,1,-4,2,1,8,2,3,-3,-1,4,-2,1,0,5,1,0,1,2,7,9,-1,-3,0,5,2,-1,0,-4,-1,-3,2,0,-5,-7,-1,-9
2021/2/23,1,-12,-4,-3,-3,-2,1,-1,2,1,-2,3,6,-7,5,1,8,1,3,-2,2,5,2,0,1,5,2,-2,5,5,11,8,-3,1,1,4,6,7,3,3,-3,1,0,-2,-6,-6,2,-10
2021/2/24,-3,-10,-6,0,2,-4,-2,-1,-2,-2,-3,-1,0,-6,0,-1,3,1,0,-5,-3,-1,-5,-2,-4,0,-2,-4,0,-2,0,0,-5,-6,-4,-1,-1,-3,-3,-5,-5,-3,0,-3,-6,-6,-1,-11
2021/2/25,1,0,1,3,3,5,4,3,2,-1,1,2,3,-4,5,3,6,3,2,-3,-2,3,-1,1,1,3,2,2,4,1,7,10,2,-2,2,3,4,2,-1,-2,-2,1,3,1,-4,-5,3,-8
2021/2/26,-4,-6,-3,-1,-1,-1,-2,-2,-3,-2,-2,0,0,-5,1,2,3,0,1,-7,-3,0,-4,-4,-5,-2,-6,-9,-5,-6,0,7,0,-8,-8,-6,-4,-7,-10,-9,-9,-7,-8,-8,-13,-12,-8,-9
2021/2/27,1,-2,-1,3,2,7,2,0,-1,0,-1,1,2,-2,5,1,7,3,6,-3,-1,5,1,3,1,6,1,2,4,2,7,6,-1,3,4,5,7,4,1,-1,-1,0,1,1,-3,-4,1,-5
2021/2/28,2,-1,2,6,5,7,5,3,5,1,2,2,6,-1,5,6,14,8,9,3,2,4,2,3,3,6,3,3,3,0,8,10,1,4,4,8,7,9,3,-1,0,2,5,2,-6,-5,2,-9
2021/3/1,-1,1,-4,1,1,0,0,2,-2,-2,-2,-2,0,-5,0,-2,7,1,1,-7,-5,1,-4,-2,-5,2,1,0,0,2,9,5,-4,-1,-1,2,-1,-4,0,-6,-4,-6,-1,-2,-8,-8,-2,-12
2021/3/2,-10,-22,-4,-5,-7,-3,-2,-8,-11,-10,-7,-12,-12,-19,-11,-4,0,-6,-5,-8,-6,-6,-10,-11,-9,-8,-12,-14,-8,-12,-5,-1,-7,-5,-4,-3,-1,-5,-4,-4,-9,-6,-4,-5,-10,-7,0,-11
2021/3/3,2,-2,3,7,6,4,3,4,2,1,2,4,6,0,6,6,9,6,4,-4,1,4,-2,3,0,4,3,1,4,3,3,4,-1,-2,1,1,3,0,-2,-4,-2,-1,1,0,-4,-2,1,-9
2021/3/4,-3,-6,-3,-2,-2,-1,-2,-3,-3,-5,-2,0,0,-6,2,-1,3,1,0,-6,-5,0,-4,-2,-4,-2,-1,-2,1,-2,3,2,-6,-4,-3,-3,2,-4,-4,-6,-8,-5,-5,-4,-9,-9,-3,-12
2021/3/5,-5,-4,-5,-2,-2,-2,-3,-2,-5,-6,-4,-3,-1,-8,-1,2,3,-1,-1,-9,-4,-4,-8,-9,-10,-6,-9,-10,-5,-8,2,3,-3,-5,-5,-3,-2,-2,-5,-10,-6,-4,-4,-4,-10,-8,-3,-10
2021/3/6,0,-6,-4,2,1,3,1,-1,-1,-1,-1,2,2,0,5,-2,5,0,5,-3,-1,5,1,2,-1,4,0,-2,2,0,6,6,0,-1,0,2,6,-1,-1,-4,-2,-2,0,0,-4,-7,2,-10
2021/3/7,-2,-4,-1,4,2,4,4,1,2,-1,1,-2,1,-4,0,3,14,7,9,-2,0,2,-3,-2,-2,2,2,-1,1,-1,5,8,0,0,1,2,4,3,-1,-4,-4,-3,-2,-3,-7,-10,-4,-13
2021/3/8,-6,-9,-8,-2,-3,-5,-5,-5,-8,-6,-4,-8,-10,-15,-11,-3,4,-2,0,-9,-5,0,-9,-4,-5,-1,-3,-5,-3,-4,0,4,-5,-4,-3,0,0,-4,-4,-8,-4,-5,1,-2,-8,-9,-1,-11
2021/3/9,0,-5,-3,-1,-2,0,1,-2,-2,-1,-2,1,3,-3,4,0,8,0,1,-5,-1,1,-1,-1,-2,2,1,-2,2,-1,4,4,-5,-1,-2,-2,3,0,-2,-2,-5,-4,-2,-3,-8,-8,1,-10
2021/3/10,0,-5,3,6,6,6,7,3,0,0,-1,0,2,-4,3,5,9,4,6,-2,1,1,-3,0,-1,3,0,-2,2,0,3,4,0,-1,-1,2,4,1,0,-3,-2,-2,2,0,-4,-3,1,-6
2021/3/11,0,-4,-1,3,1,3,1,2,1,-1,0,1,2,-4,4,1,6,3,2,-4,-2,2,-2,1,0,2,1,0,3,1,5,4,-2,-1,0,1,5,-2,-2,-5,-3,-1,0,0,-4,-5,1,-8
2021/3/12,-4,-3,-5,-2,0,-1,-3,0,-1,-2,-2,2,2,-3,2,3,4,0,0,-7,-2,-4,-7,-9,-9,-1,-6,-10,-6,-6,3,2,-5,-5,-8,-7,-3,-5,-7,-10,-9,-5,-6,-5,-9,-8,-3,-10
2021/3/13,-7,-1,-2,0,-11,5,1,-10,-17,-15,-12,-19,-19,-24,-15,0,8,3,2,-10,-2,2,-4,-2,-2,2,-2,-3,1,-3,8,6,1,0,3,6,8,2,3,-1,-1,1,2,2,-2,-4,4,-5
2021/3/14,3,-4,-5,1,2,4,3,2,8,4,4,5,10,5,10,2,16,8,8,5,4,4,3,1,3,8,5,2,4,3,11,11,2,3,2,7,8,6,3,-1,-2,2,4,2,-4,-4,3,-6
2021/3/15,0,-2,-3,4,2,2,1,1,0,0,-1,0,2,-3,2,1,7,2,2,-5,-1,3,-1,0,0,4,1,-1,1,2,11,8,1,-1,2,5,3,3,1,-3,-1,-2,3,0,-5,-7,1,-7
2021/3/16,0,-5,1,0,0,2,2,0,1,0,0,4,4,-3,4,-1,8,-1,-1,-1,1,0,1,-2,-1,0,-1,-3,1,0,6,6,-3,0,-2,-2,4,1,0,0,-7,-6,-5,-6,-8,-6,1,-7
2021/3/17,0,-7,0,6,5,4,4,2,1,0,1,2,4,-3,3,3,8,4,3,-3,1,2,-3,0,-2,2,1,-2,1,0,4,3,1,-2,-1,2,2,0,1,-4,-2,-1,2,0,-5,-5,0,-9
2021/3/18,1,-5,0,4,3,3,3,2,1,-1,2,2,3,-4,5,1,9,4,3,-2,-1,3,-1,1,2,3,1,0,3,2,8,6,-1,0,3,3,6,1,0,-4,-3,0,1,0,-4,-5,2,-9
2021/3/19,1,-3,-2,2,2,3,2,4,2,0,1,4,5,-1,6,5,7,3,5,-3,3,4,-1,1,1,6,3,0,4,2,10,10,1,1,1,3,3,1,0,-3,-1,1,0,0,-4,-4,1,-8
2021/3/20,4,6,4,10,9,13,10,7,7,4,5,6,9,2,10,6,8,6,9,7,5,8,8,4,5,8,6,0,5,5,15,13,2,4,0,1,8,6,2,-5,-5,-2,0,-1,-3,-10,-5,-5
2021/3/21,-14,-11,-7,-4,-7,-2,2,-8,-14,-15,-6,-20,-15,-29,-28,0,9,3,2,-11,-6,-10,-24,-14,-11,-7,-13,-20,-12,-15,-5,7,-1,-2,-1,3,0,0,0,-5,-6,0,3,0,-5,-2,4,-9
2021/3/22,-2,-7,-5,0,-1,0,-1,-3,-3,-3,-3,-2,-2,-6,1,-1,8,2,3,-4,-1,3,0,0,-2,4,2,-1,0,0,7,5,-2,-2,-1,4,1,-2,0,-4,-3,-4,2,0,-6,-7,-1,-9
2021/3/23,2,-4,-1,0,-1,3,2,0,0,-1,0,4,4,-1,5,2,9,2,3,-1,3,3,2,1,1,4,4,1,5,2,7,8,-2,1,0,2,3,2,1,0,-3,-2,1,-1,-6,-6,2,-7
2021/3/24,1,-6,1,5,4,4,3,1,-1,-1,0,3,3,-2,3,5,9,6,4,-1,3,2,-2,2,0,4,3,-1,2,2,3,3,-1,-2,-1,0,2,-1,0,-3,-3,-1,2,1,-4,-4,2,-11
2021/3/25,3,2,2,7,5,6,6,5,3,1,3,3,3,-4,5,6,9,6,6,0,2,4,2,2,2,5,2,0,5,0,9,11,4,2,6,6,8,4,3,-2,2,3,6,5,0,-3,5,-5
2021/3/26,1,-2,-2,1,2,1,1,1,0,0,0,3,6,-1,6,4,6,4,4,0,1,3,2,0,1,6,5,1,5,4,9,9,3,1,1,2,3,0,0,-3,-1,0,1,1,-5,-4,1,-9
2021/3/27,6,2,1,6,5,9,5,3,5,4,4,6,8,5,11,4,12,8,11,6,5,9,8,5,5,11,8,5,8,9,16,11,5,6,7,8,10,5,6,2,1,2,5,5,1,-3,6,-6
2021/3/28,-4,-1,1,3,-1,6,5,1,1,-3,1,-4,0,-9,-4,6,12,9,4,1,2,-6,-4,-9,-7,0,-4,-12,-8,-8,0,11,2,1,-2,1,3,3,-3,-10,-5,-3,3,-1,-6,-8,-1,-10
2021/3/29,1,-6,-2,3,0,2,1,0,-2,0,0,0,2,-3,2,1,11,4,7,-1,1,7,0,3,3,8,6,2,4,5,11,10,1,2,2,6,3,0,3,-3,-1,-1,5,2,-4,-3,3,-6
2021/3/30,3,0,2,3,1,6,6,2,2,2,2,4,5,-2,6,5,12,5,5,2,5,6,3,3,6,7,6,2,7,5,9,10,1,3,3,3,8,6,4,3,-1,0,3,1,-5,-5,4,-7
2021/3/31,3,-3,4,7,7,6,5,4,3,3,4,5,6,-1,6,7,10,8,8,2,5,5,1,5,3,8,6,3,6,7,7,8,4,1,2,4,5,1,3,-2,1,2,5,4,-2,-1,5,-7
2021/4/1,2,4,3,4,5,5,6,6,3,1,3,3,4,-3,5,3,9,5,5,-1,-1,3,-1,2,1,5,5,3,6,5,13,6,2,0,4,4,6,0,2,-1,-2,-1,2,2,-4,-5,2,-7
2021/4/2,-1,-3,-5,-3,-1,-2,-3,-2,-2,-3,-2,0,3,-3,3,4,8,4,4,-4,0,1,-2,-1,-1,4,3,0,3,0,6,5,0,-1,0,2,0,-1,-1,-4,-3,-3,-1,0,-7,-7,-2,-11
2021/4/3,4,-2,0,4,4,7,2,1,3,1,2,3,6,2,9,4,11,7,12,5,4,8,5,4,2,11,7,3,7,7,12,10,5,3,5,7,8,3,4,-1,0,0,3,4,-2,-9,3,-5
2021/4/4,-5,-5,-3,0,-3,5,2,0,2,-2,1,-4,1,-6,-1,4,13,4,5,1,0,-6,-4,-7,-6,-2,-7,-13,-9,-7,2,6,0,-5,-6,-2,1,-2,-6,-8,-7,-5,1,-1,-7,-5,1,-8
2021/4/5,-2,-3,-4,1,-2,0,-1,-4,-7,-4,-2,-6,-8,-12,-5,2,9,4,5,-4,-1,3,-5,0,-1,5,3,1,2,2,7,8,3,-1,2,5,3,2,2,-3,-1,-3,3,1,-5,-7,2,-6
2021/4/6,1,-2,0,0,-1,3,3,0,0,0,0,3,5,-1,6,4,10,3,5,0,2,4,2,0,-2,2,1,-4,2,-2,2,8,0,0,1,2,2,1,0,-2,-2,-3,1,-1,-6,-5,4,-5
2021/4/7,1,-4,4,4,6,4,4,2,0,1,0,2,4,-2,4,5,9,6,7,-3,1,3,-3,2,-1,6,5,2,3,2,4,4,1,-3,1,3,3,1,1,-3,-2,-3,2,1,-5,-4,2,-6
2021/4/8,0,-6,-1,1,1,2,3,0,-1,-4,0,1,1,-6,4,1,10,3,4,-3,-2,3,-2,0,1,2,1,0,4,1,6,5,-2,0,2,2,4,-1,-1,-5,-3,-2,2,2,-5,-5,0,-7
2021/4/9,-2,-6,-6,-3,-1,-3,-3,-2,-2,-3,-3,0,1,-4,1,2,7,1,3,-5,0,1,-4,-2,-2,2,1,-1,2,1,5,4,1,-1,-1,0,0,-2,-2,-5,-2,-3,-1,-1,-7,-5,-2,-7
2021/4/10,4,5,2,5,5,9,8,3,3,2,2,3,5,1,8,4,10,7,10,4,3,7,3,4,3,8,4,2,6,5,11,9,6,3,4,7,7,4,3,1,1,1,6,5,-1,-2,5,-2
2021/4/11,3,-1,1,5,4,6,5,4,6,2,3,2,6,1,5,5,17,10,11,7,4,5,1,2,4,9,6,2,5,5,11,11,6,4,4,8,6,6,3,0,3,2,7,5,-2,-3,5,-4
2021/4/12,-2,-5,-5,0,-2,-1,-1,-3,-4,-3,-3,-2,0,-4,1,0,7,2,4,-6,-2,2,-4,0,-2,3,2,-1,0,1,4,5,-2,-4,-4,-1,0,-3,-2,-10,-6,-6,1,-1,-10,-9,-1,-7
2021/4/13,-3,-9,-1,-2,-4,0,2,-2,-3,-3,-1,-1,-1,-8,-3,1,9,2,2,-4,0,-4,-6,-7,-5,0,-2,-7,-3,-2,2,5,-3,-2,-4,-3,1,1,-2,-7,-4,-4,1,-2,-6,-7,1,-5
2021/4/14,-4,-6,3,4,2,4,3,-2,-10,-4,-1,-6,-8,-15,-7,2,5,3,3,-5,0,1,-4,2,-2,2,0,-3,2,-1,1,0,0,-3,-1,1,0,-2,-1,-4,-3,-2,2,0,-6,-4,0,-9
2021/4/15,7,4,7,9,7,9,8,7,8,4,5,8,9,4,12,7,11,9,8,2,3,7,2,5,6,9,8,6,9,8,14,11,7,5,7,8,9,7,4,3,3,4,10,5,2,0,6,-3
2021/4/16,1,-2,-1,-1,1,1,1,1,1,-1,0,4,5,1,7,5,7,3,4,-4,1,2,0,0,-3,1,0,-1,3,0,5,8,3,-2,-1,-1,-1,-1,-2,-5,-4,-3,-2,-1,-8,-5,-1,-7
2021/4/17,-5,-5,1,0,-3,7,3,-1,-1,-4,-5,-5,-2,-10,-5,-1,6,1,5,-6,-4,-6,-10,-11,-12,-3,-10,-15,-6,-10,-2,7,4,-3,0,3,1,-1,-3,-4,-1,-1,2,1,-4,-6,4,-4
2021/4/18,2,-10,1,4,2,3,3,2,5,1,3,3,6,4,9,-5,10,7,6,5,2,5,4,5,4,8,6,3,4,3,11,7,5,2,3,7,4,5,1,0,0,1,6,4,-2,-3,4,-5
2021/4/19,-1,-5,-3,-1,-3,1,0,-4,-3,-3,-2,-1,0,-3,2,2,8,3,4,-4,-2,4,-4,2,-1,3,3,1,1,2,6,6,-2,-3,-1,1,0,-3,-1,-5,-2,-4,3,-1,-7,-6,0,-8
2021/4/20,5,3,6,4,4,10,10,3,4,3,3,6,7,1,8,6,13,7,5,3,4,7,5,6,6,6,7,5,9,6,9,10,0,4,3,4,6,7,2,5,0,0,4,0,-3,-4,5,-3
2021/4/21,2,-5,5,6,5,6,5,2,1,1,2,3,4,-1,5,6,10,7,7,-1,3,4,-2,4,0,5,4,0,3,2,4,5,0,-2,0,2,1,-1,0,-4,-2,0,3,1,-4,-2,2,-9
2021/4/22,2,-3,2,2,2,5,3,1,1,0,2,1,3,-3,6,4,10,6,4,-2,0,5,-1,4,2,5,3,1,5,3,7,6,0,-1,3,4,5,-1,0,-4,-2,1,4,1,-2,-4,3,-11
2021/4/23,2,1,2,1,3,4,3,2,1,1,2,4,6,2,8,7,8,6,5,-1,3,4,0,3,1,6,5,2,5,3,8,8,1,0,2,3,1,0,-1,-3,0,0,2,1,-4,-4,2,-11
2021/4/24,5,2,3,5,4,9,7,2,3,3,4,5,7,5,11,5,11,8,11,3,4,8,4,6,4,9,6,4,7,5,11,9,3,5,6,7,6,3,2,0,1,1,6,3,0,-2,6,-5
2021/4/25,3,-1,4,6,3,8,7,3,4,2,3,3,6,0,5,6,17,11,10,4,5,4,3,4,4,8,5,2,3,5,12,15,7,6,8,9,6,6,3,0,2,2,7,3,-2,-2,5,-5
2021/4/26,1,-2,-1,2,0,3,2,-1,-2,0,0,1,2,-2,4,2,9,6,5,-2,0,5,-1,2,1,5,3,-1,1,4,7,12,3,2,1,4,1,1,1,-4,0,-2,5,1,-4,-4,3,-7
2021/4/27,4,1,4,2,1,6,8,2,1,3,3,5,5,-1,8,5,11,5,6,1,4,5,2,3,4,6,7,4,7,6,8,8,0,1,5,5,4,3,2,1,0,-1,3,0,-5,-4,4,-5
2021/4/28,3,1,7,8,9,7,8,6,5,5,5,8,9,4,11,9,9,6,5,1,6,3,1,1,1,2,-4,-9,-4,0,3,7,3,-2,1,3,2,0,-1,-6,-3,-1,2,1,-3,-2,4,-5
2021/4/29,-7,5,5,4,-4,8,10,-3,-6,-6,0,-2,-7,-22,-9,7,4,4,3,-6,-1,-2,-14,-8,-5,-4,-13,-22,-9,-6,-1,10,0,-5,0,2,-2,-1,-4,-5,-2,2,4,-2,-4,-5,2,-9
2021/4/30,11,2,7,8,10,10,9,6,9,10,9,12,15,7,18,12,15,12,11,9,12,15,10,13,13,14,13,13,18,16,19,15,8,8,9,11,11,11,7,4,7,8,10,7,4,3,9,-1
2021/5/1,1,7,5,6,3,10,9,6,4,5,2,1,3,-6,2,2,7,4,4,6,3,5,-2,-2,-2,2,-2,-5,0,0,10,7,3,0,2,4,3,0,1,2,-1,1,5,3,0,-3,7,-3
2021/5/2,0,-1,4,3,-2,9,7,1,4,3,6,-1,5,-5,6,3,13,8,5,19,12,6,7,-1,4,5,0,-5,-1,1,13,10,5,0,0,7,5,3,-2,5,-5,2,8,5,0,0,8,-2
2021/5/3,8,2,8,13,8,12,15,9,9,12,11,9,12,-5,10,16,23,19,23,23,20,23,13,8,14,18,9,2,10,20,30,27,14,6,8,16,12,11,9,9,4,9,13,10,7,2,11,0
2021/5/4,11,8,15,13,9,15,23,11,13,15,14,15,17,-2,15,19,22,16,24,25,23,23,17,10,15,18,12,3,13,19,28,23,8,9,8,11,12,13,8,13,1,8,9,7,3,3,11,-1
2021/5/5,-3,-2,10,12,8,9,16,6,2,5,4,2,3,-14,2,14,8,8,4,4,9,-5,-2,-7,-3,-1,-13,-22,-13,-3,-1,11,7,-4,-2,1,-4,4,-4,-9,-2,2,4,-2,-5,-7,0,-8
2021/5/6,6,1,5,5,6,6,7,4,5,4,6,7,6,0,11,4,10,8,6,1,5,12,7,11,8,8,7,7,10,9,12,9,3,3,6,6,8,4,3,0,2,2,5,3,-1,-1,6,-4
2021/5/7,-2,-1,-1,-1,1,1,1,0,-3,-1,-2,-1,0,-6,1,4,7,5,3,-5,1,4,-3,1,-3,1,-3,-5,-1,-3,3,5,-2,-3,-1,1,-3,-2,-4,-8,-1,-1,-1,-2,-7,-7,-3,-7
2021/5/8,2,0,0,2,2,6,3,-2,0,0,-2,4,5,3,9,1,7,5,6,0,0,7,1,3,-1,4,1,1,2,3,7,5,0,-1,1,4,2,0,0,-3,0,-2,2,0,-5,-6,2,-4
2021/5/9,2,-3,2,5,3,6,7,2,5,2,2,3,6,1,7,5,14,9,9,7,3,4,1,2,2,5,2,2,2,4,11,11,3,2,2,8,5,5,3,0,0,-1,5,1,-5,-2,6,-10
2021/5/10,2,0,0,4,2,4,6,1,0,1,0,2,3,-1,5,2,8,3,3,-1,0,6,-1,3,2,4,3,2,2,3,7,8,0,-1,1,5,1,1,1,-2,2,-1,6,1,-4,-4,3,-7
2021/5/11,3,0,2,1,1,5,6,3,2,4,3,6,6,-1,6,5,12,6,4,2,5,7,2,3,1,6,6,2,5,2,9,8,-2,2,2,5,4,4,2,2,0,0,2,1,-4,-4,1,-3
2021/5/12,1,-2,5,6,6,8,7,3,2,3,3,6,7,1,8,8,10,8,6,-1,3,4,-3,1,-4,-1,-3,-9,-2,-4,2,4,0,-4,-6,-1,-2,-4,-3,-9,-8,-4,-2,-4,-10,-12,1,-4
2021/5/13,0,-3,3,3,4,6,7,3,0,1,3,-2,-3,-14,-4,6,9,6,5,-2,3,7,-3,2,0,3,5,3,6,3,11,7,-1,2,2,5,7,0,0,-3,0,2,3,1,-3,-2,6,-4
2021/5/14,3,-1,1,0,4,3,4,3,1,2,2,7,8,5,12,7,9,5,7,-2,4,6,-2,2,0,3,4,3,6,2,12,8,1,2,3,4,1,0,0,-3,2,2,1,0,-4,-6,1,-5
2021/5/15,6,4,3,5,7,12,9,2,6,3,3,8,10,7,14,8,13,10,12,5,5,12,6,7,3,8,5,6,8,8,17,11,6,4,3,3,7,7,2,-4,-4,-5,0,-6,-7,-13,0,-2
2021/5/16,-1,-10,1,3,2,7,9,1,6,1,1,0,5,-4,3,5,14,5,6,5,1,0,0,-4,-7,-1,-4,-5,-5,-1,9,10,3,-2,-3,5,2,3,2,-3,-2,-3,4,1,-5,-1,8,-4
2021/5/17,-2,-4,-1,2,2,2,4,0,-3,0,0,0,-3,-5,0,1,6,-1,1,-4,-2,2,-7,-1,-2,-2,-4,-7,-4,-3,2,5,-3,-2,0,3,0,-3,-3,-6,-2,-2,5,-3,-8,-6,1,-7
2021/5/18,2,0,3,1,0,6,7,1,0,-2,-2,2,5,-3,7,4,14,7,7,-1,4,7,0,2,1,2,3,0,5,1,10,7,-3,2,4,3,3,3,1,0,-1,-1,4,-1,-6,-4,5,-5
2021/5/19,0,-4,3,3,5,5,6,2,-2,1,1,0,-2,-7,-1,4,9,5,5,-3,2,6,-8,2,-2,1,1,-2,3,-1,5,5,0,-2,1,5,1,0,1,-5,1,2,5,1,-4,-4,4,-7
2021/5/20,1,6,7,8,10,11,13,7,5,3,4,6,7,1,9,8,12,7,6,-1,1,5,-3,1,1,-2,-5,-9,-2,-2,3,6,-5,-5,-7,-7,3,-2,-10,-9,-12,-8,-7,-13,-11,-5,1,-4
2021/5/21,-3,-4,-3,-3,-2,0,2,-3,-4,-3,-2,1,-2,-4,-1,3,5,-1,3,-7,-4,-2,-14,-5,-5,-1,-1,-6,0,-6,3,9,-1,-1,3,4,-1,-1,0,-6,2,3,5,0,-4,-5,0,-7
2021/5/22,5,-2,1,3,3,9,6,0,1,0,-1,4,7,5,14,4,11,5,9,3,2,13,5,8,1,7,5,8,9,7,17,8,2,1,4,10,7,4,5,0,3,3,9,4,-1,-3,8,-6
2021/5/23,4,-6,0,2,4,6,9,2,6,3,3,6,10,6,11,4,14,7,8,9,3,8,3,4,2,9,8,7,6,6,16,11,3,1,0,9,5,5,2,-1,1,3,8,2,-4,-3,6,-8
2021/5/24,-1,-6,-3,0,1,2,2,-1,-2,-1,-1,1,2,-1,4,2,7,2,3,-3,-1,5,-3,0,-3,-1,-2,-5,-1,-1,6,7,-4,-4,-4,1,-1,-3,-2,-8,-4,-2,5,-2,-10,-7,1,-9
2021/5/25,9,5,7,6,6,11,13,6,6,4,7,11,11,6,14,8,14,6,7,5,7,12,6,8,6,9,13,11,12,10,16,15,4,7,8,9,8,11,8,6,5,4,10,3,-1,1,10,-4
2021/5/26,7,0,8,10,12,11,11,9,6,8,6,11,11,6,13,10,12,9,8,4,6,10,3,7,3,7,8,7,9,8,10,11,6,1,3,6,6,3,5,-1,1,2,7,1,-3,-1,5,-5
2021/5/27,-4,-2,0,3,3,6,8,3,-4,-4,-2,-7,-8,-16,-7,5,9,3,2,-7,-2,0,-11,-5,-6,-6,-7,-10,-4,-8,3,7,-1,-2,3,5,3,-1,-2,-6,0,3,5,0,-3,-4,3,-7
2021/5/28,6,-1,0,2,5,5,5,4,4,5,4,10,11,8,15,8,10,7,7,1,5,9,2,5,3,6,7,6,8,7,15,8,1,2,5,6,4,2,1,-3,1,2,3,0,-3,-3,4,-10
2021/5/29,8,-1,2,5,7,12,9,5,6,6,5,9,11,8,16,6,13,8,13,8,5,15,6,8,4,11,7,7,9,8,19,10,4,7,6,10,10,6,5,-1,5,6,10,5,2,0,10,-7
2021/5/30,6,0,4,8,8,12,14,7,10,5,6,4,11,4,11,9,20,12,14,12,7,12,6,7,8,12,9,8,9,10,19,15,7,9,5,12,12,10,8,0,5,7,14,5,1,0,9,-10
2021/5/31,5,0,0,4,5,6,6,3,2,1,2,5,6,3,9,6,13,7,10,1,3,12,2,6,3,7,8,6,5,7,14,12,1,5,5,9,6,4,5,-2,4,3,11,4,-1,-1,7,-6
2021/6/1,7,8,5,5,6,11,14,10,6,8,5,10,10,5,12,7,14,8,9,4,6,11,4,5,3,6,9,8,9,7,19,11,-1,4,7,7,6,4,5,4,3,1,6,1,-2,-2,9,-6
2021/6/2,5,-1,5,7,9,10,10,6,3,6,5,8,9,5,11,9,12,9,8,0,5,10,0,6,1,6,7,5,7,4,8,7,2,1,4,9,5,2,3,-2,3,3,8,2,-2,-1,5,-8
2021/6/3,4,2,4,5,8,10,9,6,5,4,6,8,9,5,14,7,10,8,8,-1,3,11,3,6,3,5,4,3,6,3,13,10,-1,0,0,-2,7,0,-1,-7,-8,-5,-2,-6,-8,-11,-3,-6
2021/6/4,-7,-14,-3,-10,-9,-2,1,-7,-10,-11,-4,-7,-7,-15,-10,3,3,0,1,-6,-3,-3,-13,-7,-5,-6,-10,-13,-6,-12,3,8,0,-2,1,3,-1,-2,-3,-7,-1,2,3,-2,-4,-2,3,-5
2021/6/5,10,11,4,10,10,15,12,6,7,7,5,9,12,11,19,8,15,11,15,7,6,17,8,10,5,11,10,10,10,10,19,15,8,5,7,10,10,9,5,0,5,5,10,5,1,-2,8,-5
2021/6/6,4,2,5,7,7,12,12,5,7,5,6,4,6,1,5,9,19,12,12,8,5,12,2,5,3,9,9,6,6,6,18,16,7,4,3,11,9,8,6,0,3,4,9,3,-1,-1,7,-10
2021/6/7,4,1,-1,4,4,7,6,2,0,2,2,4,4,3,8,5,12,7,10,-1,2,8,0,5,2,5,6,4,4,4,12,11,0,1,5,8,3,1,2,-4,2,-1,9,1,-4,-4,5,-8
2021/6/8,6,3,3,3,3,9,10,4,2,4,4,5,8,2,11,6,14,7,8,2,6,9,3,5,4,8,8,6,8,5,14,10,-1,4,7,7,7,5,4,1,2,1,6,0,-3,-2,8,-12
2021/6/9,5,0,7,9,9,10,10,7,5,7,7,8,9,4,10,10,12,9,10,1,4,9,0,5,3,5,5,3,6,4,11,7,2,2,3,6,5,3,3,-4,1,3,6,1,-2,-1,5,-5
2021/6/10,8,9,9,10,11,15,16,10,8,8,9,9,9,4,13,9,13,10,10,4,7,10,3,6,6,6,6,6,9,5,15,12,4,5,8,9,10,4,5,2,5,6,10,5,3,1,11,0
2021/6/11,5,3,3,3,6,6,7,6,4,4,4,7,9,5,11,8,11,8,9,1,6,8,1,3,2,7,7,5,8,4,16,11,2,2,3,4,4,1,1,-1,-1,0,1,1,-2,-2,3,-4
2021/6/12,7,5,4,7,7,14,12,5,7,6,6,8,11,7,14,8,14,10,14,8,6,14,6,7,5,10,7,5,7,8,19,13,4,2,3,8,10,4,3,-1,3,4,8,2,-2,-8,5,-2
2021/6/13,5,5,5,7,7,14,13,5,10,7,6,6,11,5,10,7,20,12,10,10,4,8,4,3,2,6,2,0,2,1,15,12,2,4,3,11,8,8,5,-1,2,4,9,3,-2,-2,8,-8
2021/6/14,1,-1,0,2,3,5,5,1,-1,-1,-1,1,-1,-4,3,4,10,4,7,-5,0,6,-3,2,0,5,4,2,3,3,12,9,-2,0,2,6,3,-1,2,-5,1,0,7,1,-5,-3,4,-11
2021/6/15,10,8,11,9,8,16,16,10,9,10,10,8,12,5,16,11,17,11,12,6,10,13,8,9,8,9,10,10,13,9,21,18,7,9,11,11,9,12,8,7,2,3,8,1,1,3,12,-2
2021/6/16,3,2,9,11,10,14,12,6,6,1,3,5,10,0,4,10,13,10,8,2,4,8,-2,3,-3,2,1,-5,0,0,4,11,8,0,2,6,2,-1,2,-4,2,4,9,3,-3,-2,6,-4
2021/6/17,6,4,4,7,8,12,11,7,6,5,6,9,8,3,12,7,12,8,9,-1,4,10,1,4,6,4,8,9,10,7,17,11,0,4,10,9,10,3,4,-2,3,3,8,2,0,0,8,-8
2021/6/18,3,2,1,2,5,6,7,4,3,5,3,8,10,6,12,8,9,6,7,0,4,8,1,4,2,3,2,1,3,2,14,9,-1,-2,-2,-1,1,-1,-2,-7,-5,-3,0,-3,-5,-3,2,-7
2021/6/19,1,5,2,5,0,12,9,0,-1,-1,-2,-1,2,-4,3,4,10,5,8,1,1,2,-2,-6,-5,2,-1,-4,2,-1,13,12,5,3,6,10,7,2,5,-2,5,4,11,4,1,-1,9,-5
2021/6/20,9,6,7,10,11,17,19,10,12,10,9,11,13,9,14,11,20,14,13,13,9,14,10,9,12,11,13,12,10,12,24,17,8,7,7,15,12,11,6,3,6,6,14,5,2,1,10,-4
2021/6/21,2,-2,-2,3,2,6,5,1,-1,1,0,3,4,1,6,3,10,5,7,-2,1,8,-2,2,1,5,5,2,2,3,13,10,-1,0,2,6,5,-1,2,-5,1,-1,9,1,-5,-4,4,-9
2021/6/22,5,3,3,2,2,9,10,3,2,4,2,6,7,2,9,4,14,6,7,0,4,10,3,4,4,6,7,4,6,4,13,10,-2,3,5,7,7,3,4,0,1,0,7,0,-3,-2,6,-6
2021/6/23,3,-2,5,6,7,9,9,5,2,3,1,4,7,-1,7,8,11,8,7,-2,3,7,-1,4,1,3,4,3,4,2,10,7,1,-2,1,4,3,0,1,-4,0,1,7,0,-3,-1,4,-6
2021/6/24,4,0,2,3,5,8,9,3,3,0,5,6,6,1,10,6,10,7,8,-1,2,9,1,4,4,2,5,5,6,5,15,9,-1,2,5,6,7,0,2,-6,1,4,7,1,-1,-2,6,-9
2021/6/25,6,8,5,6,7,9,10,6,5,6,5,7,11,5,12,11,11,8,9,2,6,10,4,5,4,6,6,7,9,6,18,18,8,5,7,7,4,6,4,-1,5,5,8,3,0,0,7,-3
2021/6/26,9,8,5,9,8,16,14,7,8,9,6,11,13,10,17,9,14,9,15,7,6,15,9,7,6,9,8,6,7,7,18,20,9,6,6,9,10,5,4,-3,5,5,10,4,1,-2,10,-1
2021/6/27,4,6,6,10,8,14,16,7,7,6,5,3,5,1,3,9,19,11,11,6,6,9,1,3,2,8,7,5,5,3,14,15,5,7,9,14,10,8,6,-2,4,5,11,2,-2,-5,4,-7
2021/6/28,4,3,1,6,5,9,9,4,1,3,3,5,6,3,8,6,12,7,8,-2,2,9,-1,5,3,6,5,4,3,5,12,10,1,4,6,9,1,-1,2,-4,3,1,9,1,-4,-5,2,-8
2021/6/29,3,3,3,2,-2,9,10,0,0,2,0,2,4,-4,5,6,12,5,7,-2,4,10,2,4,4,5,7,5,7,4,14,10,-1,0,4,5,7,4,3,-1,2,3,8,0,-3,-2,6,-12
2021/6/30,4,2,7,8,10,11,11,4,3,4,2,6,8,1,6,8,10,8,5,-1,4,8,0,3,3,3,3,1,5,1,8,7,1,1,2,5,4,2,3,-5,1,4,9,1,-2,-2,5,-11
2021/7/1,1,8,7,8,7,13,14,10,1,3,4,-1,-2,-9,-2,8,12,7,8,-5,2,5,-10,-2,-4,2,3,1,5,2,12,10,1,1,5,6,7,1,1,-4,3,4,8,4,-2,-3,6,-2
2021/7/2,-1,3,1,1,3,6,5,2,-6,-3,-2,-3,-4,-7,-3,9,10,6,5,-8,1,3,-12,-2,0,0,0,0,2,0,11,12,2,1,4,6,2,2,2,-4,2,3,6,1,-2,-2,3,-4
2021/7/3,7,7,4,8,7,14,11,4,4,5,5,9,7,10,11,8,14,9,12,0,6,13,2,8,4,8,8,7,8,6,17,13,5,2,4,7,5,3,4,-2,1,-1,6,1,-2,-1,6,-2
2021/7/4,2,5,6,7,3,12,11,3,3,0,2,-3,1,-1,0,6,16,9,8,3,3,7,0,5,4,6,7,7,5,5,19,15,5,3,5,9,9,9,6,-1,4,3,8,1,-1,0,7,-5
2021/7/5,3,-3,1,4,4,5,6,1,0,2,2,3,5,2,9,4,8,3,2,-3,1,4,1,3,2,3,3,4,3,6,15,11,2,1,3,7,5,3,3,-3,2,0,8,1,-2,-1,7,-3
2021/7/6,6,4,5,5,5,10,12,5,4,5,5,9,10,3,9,6,12,3,7,0,6,10,6,4,5,5,8,6,8,6,16,13,3,4,6,7,8,7,4,2,3,2,6,0,-2,1,9,-2
2021/7/7,3,1,8,9,5,12,11,7,4,6,5,8,9,4,10,9,11,8,5,0,5,4,0,1,0,-4,-11,-10,-6,-6,12,-4,-7,-3,2,5,5,1,2,-1,2,3,7,0,-1,2,6,-4
2021/7/8,1,3,4,6,6,10,11,5,1,1,3,0,2,-7,3,7,10,5,4,-4,1,3,-1,1,2,1,2,1,2,2,10,6,-3,-2,-3,5,6,-3,2,-1,0,2,2,-1,-2,-2,5,-4
2021/7/9,2,5,3,1,-1,7,6,3,2,1,2,2,7,0,7,5,8,5,6,-2,5,5,-1,2,1,4,4,3,4,3,15,10,2,0,-1,-1,4,1,-1,-2,-1,3,4,-3,-4,0,4,-2
2021/7/10,9,10,5,10,12,19,15,8,6,3,4,8,12,9,16,9,14,10,11,9,6,15,8,9,8,11,10,10,11,9,21,13,7,5,9,10,11,7,6,3,4,3,7,-2,0,-1,4,1
2021/7/11,5,6,6,8,6,13,9,4,6,4,5,4,9,1,8,7,18,14,11,13,7,11,6,7,6,7,7,8,8,9,21,16,6,6,7,13,10,10,7,1,3,4,9,3,1,2,11,-3
2021/7/12,3,3,1,4,4,7,9,3,0,1,2,2,6,1,7,5,11,7,8,-2,3,8,0,1,0,4,4,1,1,4,12,6,-6,-5,0,9,-2,-2,1,-6,2,1,10,3,-2,-2,6,-5
2021/7/13,7,5,6,3,4,11,11,5,5,4,4,10,8,5,10,7,16,7,8,-1,6,11,4,7,7,6,7,7,9,7,16,13,4,4,6,7,9,6,5,3,3,4,7,2,-2,-3,7,-2
2021/7/14,4,1,8,11,10,13,12,6,4,4,4,4,9,2,9,9,11,10,8,0,5,5,-2,3,3,4,3,0,3,3,11,9,6,1,3,6,5,2,3,-5,2,4,9,0,0,-2,7,-4
2021/7/15,9,10,10,12,10,16,15,10,9,8,10,10,11,5,14,10,11,11,10,4,7,12,6,7,9,9,7,6,11,9,21,16,9,6,7,12,12,9,5,1,2,6,11,4,2,3,8,0
2021/7/16,6,6,4,6,7,9,9,6,6,6,6,9,11,6,12,10,12,11,11,4,9,10,4,6,5,5,6,6,7,6,16,14,6,3,4,7,2,-1,0,-7,3,4,5,0,-1,-5,6,-2
2021/7/17,8,10,7,10,10,16,14,7,7,8,7,9,11,7,14,9,13,11,15,11,11,15,7,8,6,10,8,8,9,7,20,14,7,4,7,8,9,5,2,-1,2,5,10,3,-3,-4,7,-1
2021/7/18,6,9,7,10,8,15,14,8,10,7,8,7,12,5,10,9,21,14,14,16,11,11,5,5,5,9,8,5,8,5,20,14,8,5,2,9,7,6,-1,-6,3,6,11,3,-2,0,8,-3
2021/7/19,4,7,3,8,6,8,9,4,2,4,4,5,6,2,7,6,13,9,10,2,5,10,0,4,3,7,6,4,4,7,15,13,3,2,4,9,4,2,5,-1,2,1,9,2,-3,-3,6,-1
2021/7/20,10,14,12,11,10,18,18,9,9,9,9,12,14,6,14,11,19,12,10,9,13,14,9,8,11,11,11,9,12,11,21,15,5,9,9,11,12,11,8,9,4,6,11,3,1,2,10,-4
2021/7/21,11,11,15,15,17,18,16,13,10,12,12,13,15,8,15,17,17,17,14,9,15,14,5,9,9,12,12,9,12,12,19,14,12,8,10,14,9,7,9,3,7,10,16,7,5,6,11,-25
2021/7/22,13,13,14,15,16,21,26,16,15,15,18,17,18,3,19,23,24,22,29,19,22,24,12,11,16,19,16,7,17,20,38,27,14,11,14,20,18,13,13,10,7,15,15,10,10,4,13,-19
2021/7/23,9,10,11,10,10,14,19,12,10,10,12,12,15,0,14,24,23,21,29,18,22,20,10,6,13,17,11,2,13,15,36,24,12,8,7,14,12,11,9,8,3,11,11,6,6,2,9,-28
2021/7/24,6,8,5,10,8,15,14,7,6,8,7,6,8,1,10,12,14,11,19,11,13,14,7,5,8,11,6,3,7,8,24,16,7,7,7,11,12,6,6,3,2,7,11,5,5,-1,11,-13
2021/7/25,5,6,6,9,7,13,13,7,8,6,6,5,9,2,8,9,20,12,13,13,9,9,4,4,6,9,7,4,5,6,21,17,9,6,6,12,9,7,5,1,2,5,11,2,0,-1,6,-6
2021/7/26,7,7,5,10,11,12,10,8,7,8,8,9,10,6,12,9,13,9,12,5,8,11,4,5,5,8,6,4,6,9,18,17,6,6,6,11,6,3,5,-1,5,4,12,4,1,0,10,-2
2021/7/27,5,7,6,6,1,13,12,0,-3,3,4,2,0,-4,3,7,13,8,11,2,8,12,4,7,8,8,8,6,10,8,18,14,4,5,9,10,11,9,6,5,3,5,10,2,0,2,11,-2
2021/7/28,7,7,8,5,6,9,11,6,4,2,4,7,11,4,11,11,14,11,8,6,10,12,2,8,7,8,6,6,10,9,16,11,8,4,8,11,8,6,7,2,3,7,12,4,2,5,11,-3
2021/7/29,6,5,7,8,6,10,8,5,6,5,6,7,9,3,11,7,12,10,8,2,6,10,3,6,7,6,6,6,8,8,18,12,2,3,7,9,10,3,4,0,2,7,9,4,2,1,10,-3
2021/7/30,6,10,6,6,9,10,11,7,4,6,6,6,8,1,9,12,13,11,12,4,9,11,3,6,10,8,5,7,10,9,20,14,6,6,6,10,8,8,5,2,4,7,8,3,2,2,8,-3
2021/7/31,7,10,4,8,7,14,12,6,6,7,5,7,10,6,12,9,13,8,17,7,8,11,6,4,5,10,4,4,6,6,19,12,7,4,6,9,9,5,5,1,2,5,10,3,2,-1,10,-4
2021/8/1,6,11,7,10,11,16,18,11,10,8,6,5,10,3,8,9,21,13,16,14,9,11,5,6,6,8,9,6,7,7,26,14,7,5,7,12,9,8,6,3,-1,1,8,0,0,-1,8,-7
2021/8/2,6,8,5,9,8,11,11,7,4,6,6,5,7,1,7,10,17,11,13,4,9,12,2,6,6,9,8,5,7,9,18,14,5,4,6,12,6,4,6,1,3,2,12,2,0,1,10,-5
2021/8/3,7,10,10,8,7,15,16,8,6,9,8,10,10,4,11,10,17,9,11,7,12,11,7,3,5,5,4,2,7,4,18,14,5,6,8,8,10,9,6,6,3,4,9,3,0,2,10,-5
2021/8/4,7,3,12,13,11,16,14,8,6,8,7,8,10,3,10,13,14,12,12,6,11,11,3,7,6,9,8,5,9,9,15,10,6,3,6,10,6,4,6,1,3,6,10,2,2,3,10,-5
2021/8/5,9,11,12,13,11,17,16,10,8,9,11,9,10,2,13,11,16,12,12,6,11,13,7,8,9,9,8,6,10,9,21,15,9,6,10,12,14,8,5,1,4,8,11,5,4,3,13,-5
2021/8/6,7,10,8,6,7,11,10,8,6,8,6,9,11,5,13,12,13,10,12,6,12,10,6,6,7,8,7,5,9,7,20,15,8,5,7,9,6,4,4,0,4,6,8,3,1,1,8,-8
2021/8/7,6,10,9,11,8,16,13,6,4,5,4,4,8,0,7,9,12,9,16,8,11,13,5,5,4,10,8,5,8,8,22,13,7,4,8,13,11,6,6,2,4,6,13,3,3,1,10,-7
2021/8/8,0,8,10,9,4,18,15,1,-10,0,3,-5,-15,-12,-7,10,19,14,16,11,12,11,2,1,7,10,10,5,8,10,28,18,9,7,7,17,13,9,3,3,-3,1,5,-1,-1,-10,-2,-11
2021/8/9,3,8,6,12,5,18,18,8,7,7,7,8,11,-5,3,18,20,12,10,3,12,12,-2,2,8,5,-2,-9,-6,8,17,1,-14,-3,-1,6,5,-2,2,0,-1,5,13,2,-1,2,10,-8
2021/8/10,15,7,12,13,15,19,23,17,15,19,17,15,16,5,17,13,20,15,16,22,26,25,20,16,20,20,18,14,20,18,35,26,14,14,19,19,20,18,15,15,11,14,19,10,10,10,19,1
2021/8/11,13,12,22,21,18,26,25,19,14,18,17,13,16,3,14,22,19,20,20,21,25,23,14,14,16,18,15,10,18,19,32,22,16,11,15,15,18,14,11,6,2,6,8,-3,5,3,8,-2
2021/8/12,12,19,31,29,20,38,36,24,22,22,24,13,16,-2,13,28,23,21,24,24,31,26,9,7,12,13,7,-3,12,9,28,32,17,10,10,12,17,13,7,4,4,11,9,2,5,11,19,-2
2021/8/13,6,22,24,20,12,29,28,16,11,17,14,6,10,-9,5,31,21,17,19,19,22,11,10,1,10,8,1,-4,2,12,28,23,13,6,1,11,12,12,9,3,-1,5,7,4,6,9,14,0
2021/8/14,-3,13,6,8,3,13,14,1,-5,-3,-2,-4,-1,-13,-3,5,9,8,9,3,-4,-3,-2,-4,2,-6,-8,-6,-2,1,13,2,-9,-5,-14,-8,9,5,2,2,-20,-26,-10,-5,-6,-2,8,-1
2021/8/15,1,9,7,7,7,14,14,6,0,2,3,-7,-7,-16,-12,10,28,18,15,2,6,8,-5,3,5,9,11,8,10,6,22,19,10,8,14,23,9,9,6,0,11,14,23,6,3,-2,4,-5
2021/8/16,7,8,9,12,10,14,16,8,6,8,8,8,9,0,7,15,20,15,18,4,14,14,5,5,5,11,9,7,11,13,21,20,9,5,9,11,8,7,7,3,-1,-1,4,-2,-3,-3,1,-4
2021/8/17,3,7,9,4,1,12,13,4,3,3,3,6,9,-1,8,7,12,5,6,1,9,5,3,2,4,3,-3,-9,-3,1,3,8,-4,3,1,3,2,6,3,-1,-7,-5,2,-6,-4,-1,2,-3
2021/8/18,6,-7,9,9,12,13,13,9,4,5,6,8,10,3,10,11,12,11,10,0,8,8,-2,7,4,6,7,6,8,6,11,8,4,-1,3,10,5,3,0,-2,3,5,8,0,-2,-1,3,-4
2021/8/19,5,5,6,7,9,12,11,7,6,5,7,9,9,3,12,9,11,9,8,1,5,7,3,3,2,2,1,0,2,1,10,11,2,1,7,8,2,0,4,-9,2,7,8,5,0,0,9,0
2021/8/20,7,9,6,5,10,11,11,7,6,7,5,9,11,5,13,11,12,9,10,6,9,8,4,3,5,6,6,6,11,5,15,13,5,4,6,8,6,7,2,1,3,7,6,2,-1,-3,1,-1
2021/8/21,6,6,2,4,5,12,7,2,3,3,2,7,9,5,11,7,11,7,14,5,5,11,4,8,4,8,6,8,9,8,17,10,3,5,6,9,8,5,4,-4,1,2,7,3,0,-2,8,-5
2021/8/22,3,0,2,3,4,8,10,4,5,2,3,4,9,2,11,7,15,9,10,9,5,4,1,3,2,5,4,5,3,6,18,11,2,1,-1,4,9,3,1,-3,-5,-2,4,1,-3,-4,4,-9
2021/8/23,4,0,1,4,5,8,7,2,0,4,4,4,4,0,5,7,12,7,10,2,5,9,2,5,3,7,6,5,6,8,16,14,3,3,6,11,7,5,6,-2,3,2,10,3,-2,-1,7,-11
2021/8/24,7,4,6,3,2,10,10,5,5,7,6,9,10,3,11,7,13,5,8,5,8,10,7,7,6,9,9,7,10,9,17,12,0,5,5,7,9,8,5,3,0,1,4,2,-1,0,8,-7
2021/8/25,9,3,11,11,15,14,18,11,8,10,10,11,13,5,13,15,14,12,12,8,11,13,5,11,8,11,11,10,12,12,17,16,10,5,8,12,8,8,6,2,5,8,10,5,3,5,10,-5
2021/8/26,8,6,7,8,10,10,12,8,7,7,10,9,10,2,12,10,14,11,12,5,8,11,8,9,8,8,8,9,12,11,18,18,7,6,9,11,12,6,5,1,3,7,8,4,2,1,10,-6
2021/8/27,6,4,4,4,7,7,10,7,5,8,6,8,10,4,11,11,13,9,12,4,10,9,4,6,5,7,7,7,10,9,19,11,4,4,8,10,6,5,3,0,2,5,5,2,0,0,6,-8
2021/8/28,8,7,3,7,8,11,10,6,5,7,6,8,10,5,13,9,14,8,16,11,10,15,7,7,4,9,7,7,10,10,20,12,4,8,10,12,10,6,5,0,3,5,9,4,2,-1,9,-7
2021/8/29,6,4,4,8,7,13,14,7,8,6,7,6,11,3,8,10,20,14,16,12,9,9,5,5,3,9,9,7,7,8,20,14,5,7,6,13,9,7,4,-1,2,3,9,3,0,-1,7,-10
2021/8/30,6,5,2,6,6,10,11,4,2,2,4,5,7,2,8,7,12,8,11,3,7,11,4,7,8,8,7,6,9,11,17,13,3,8,6,12,7,6,4,-2,3,4,11,3,0,-1,7,-9
2021/8/31,8,5,7,4,5,10,12,6,4,8,8,4,9,0,12,9,15,9,13,5,9,13,8,9,8,11,12,10,13,10,19,13,1,6,8,10,11,9,8,5,3,6,9,3,0,1,10,-5
2021/9/1,6,9,11,12,10,14,14,10,4,5,4,6,7,-1,6,7,11,5,9,2,6,8,0,8,3,6,8,8,10,11,19,9,3,2,6,10,6,5,5,-1,3,4,8,2,1,1,7,-8
2021/9/2,0,4,4,6,7,10,10,6,1,3,4,-1,0,-9,-1,8,12,10,10,-6,2,6,-1,3,0,1,-2,-7,-1,-1,11,9,0,-3,0,8,7,-3,2,-2,-1,2,4,-1,-1,-1,7,-8
2021/9/3,1,3,1,2,5,5,6,2,-1,0,1,2,5,-2,5,8,8,7,8,-2,4,4,-1,1,-1,1,-1,0,3,1,13,10,0,0,0,2,3,1,-3,-3,-4,-1,1,-1,-4,-2,4,-7
2021/9/4,4,6,3,4,3,13,9,1,1,-1,-2,3,7,0,7,6,13,9,12,0,1,9,3,4,2,6,5,5,8,7,17,11,4,4,8,12,9,6,4,-1,4,3,9,3,1,-1,8,-6
2021/9/5,7,7,5,8,6,14,15,5,8,5,5,7,10,6,10,9,19,14,13,9,6,10,4,9,3,10,12,11,9,8,20,16,10,5,6,12,8,9,3,-2,2,4,8,2,-1,-2,7,-8
2021/9/6,3,0,0,4,2,7,7,0,-2,1,1,2,2,-2,3,5,12,7,8,-3,3,8,0,5,2,8,7,5,5,7,14,12,4,2,3,9,4,1,3,-3,1,0,8,1,-3,-3,4,-7
2021/9/7,7,5,5,4,5,11,12,7,4,6,6,9,10,5,11,8,16,8,9,3,9,9,5,7,3,7,9,8,10,8,16,11,-1,5,9,9,8,8,5,2,0,2,5,0,-2,-1,8,-6
2021/9/8,3,-1,7,7,4,10,9,4,1,4,4,5,6,0,7,8,9,7,5,0,5,4,0,2,0,2,0,0,2,4,9,4,2,0,3,7,1,1,1,-3,0,2,6,0,-2,-1,5,-8
2021/9/9,3,1,3,6,8,9,11,5,1,4,6,3,0,-5,1,8,13,10,9,-2,5,9,-1,6,4,5,5,6,9,6,15,11,1,3,6,8,9,3,1,-2,0,3,6,1,-1,-2,6,-7
2021/9/10,7,8,4,6,8,10,13,7,5,6,5,9,11,6,14,11,13,9,10,2,9,9,4,8,5,6,6,7,9,8,17,12,3,4,7,8,5,5,3,1,3,4,7,3,1,1,8,-3
2021/9/11,7,7,4,6,8,15,11,6,4,5,4,8,10,5,12,8,14,11,16,6,8,14,6,8,4,8,6,7,8,7,18,11,6,5,7,11,9,5,5,0,3,5,9,4,2,-1,7,-5
2021/9/12,4,0,4,7,7,13,14,6,8,5,5,6,9,3,6,9,21,14,14,10,8,9,2,6,5,8,7,3,5,3,14,13,5,5,5,14,8,9,3,-3,2,4,7,1,-2,-6,2,-13
2021/9/13,4,0,1,5,4,8,8,3,1,3,3,5,5,2,7,6,11,7,9,-2,4,9,1,6,3,6,6,6,6,7,14,11,1,1,3,8,3,0,2,-2,-2,-1,6,1,-3,-5,5,-11
2021/9/14,3,4,5,3,3,11,12,5,3,5,5,5,5,-3,4,7,15,8,9,1,8,8,3,3,2,3,0,-2,3,0,12,10,0,1,2,4,7,5,2,-1,-5,0,0,-3,-5,-5,2,-7
2021/9/15,9,7,12,12,12,15,16,10,7,8,8,11,13,7,13,13,15,13,10,4,10,11,4,11,7,9,11,10,12,11,18,12,11,6,8,12,8,10,5,0,5,5,10,3,2,2,8,-4
2021/9/16,9,4,7,8,8,12,12,6,7,7,9,10,11,5,15,9,14,12,11,2,6,12,7,10,7,7,7,9,12,10,18,14,7,6,10,14,12,5,5,1,7,11,13,5,2,-7,8,-5
2021/9/17,4,5,3,4,8,6,9,8,7,7,6,10,13,7,13,9,13,10,9,2,8,8,5,7,0,4,0,-1,3,1,13,10,1,0,1,-7,-5,0,0,-9,-19,-17,-22,-6,-4,0,2,-6
2021/9/18,-1,3,2,1,-3,13,10,-2,-9,-3,0,-6,-7,-15,-10,4,11,8,8,-1,8,7,-9,-1,-5,3,4,3,5,2,14,9,4,5,7,11,9,3,4,2,4,6,12,5,2,0,11,-4
2021/9/19,9,8,7,12,11,16,19,12,14,12,11,10,15,7,14,12,23,16,16,25,15,13,9,5,8,12,12,8,9,11,32,22,12,9,8,16,13,11,8,6,4,10,13,7,7,2,10,-5
2021/9/20,12,12,11,17,16,18,26,16,13,14,14,17,17,3,15,21,25,20,23,21,18,22,12,11,14,17,12,7,14,20,32,25,11,12,10,17,13,14,10,7,5,11,15,6,5,1,10,-5
2021/9/21,9,5,8,6,7,12,14,9,7,10,9,11,12,5,13,8,16,9,11,7,12,11,7,6,4,9,10,8,11,10,21,15,2,7,9,9,10,10,8,7,2,5,8,3,1,2,11,-3
2021/9/22,6,0,8,10,12,11,14,10,7,9,9,10,11,4,10,9,10,7,7,6,11,7,0,6,2,6,5,3,7,5,13,12,6,3,6,11,7,4,5,0,4,7,11,4,3,4,8,-5
2021/9/23,10,3,9,13,14,16,21,15,12,11,13,15,15,0,15,17,21,18,20,11,13,19,9,10,10,13,11,7,14,19,28,21,7,9,10,15,16,9,8,4,4,11,10,5,5,3,9,-6
2021/9/24,8,8,4,5,9,10,11,6,6,9,7,10,12,5,14,12,15,12,12,7,12,11,5,8,6,9,9,8,11,10,21,13,5,5,8,11,6,5,5,2,4,6,7,5,3,1,7,-5
2021/9/25,8,10,5,9,7,16,14,5,6,7,6,9,11,5,12,9,16,11,16,8,10,15,8,9,4,11,9,8,10,10,21,18,9,9,8,12,10,7,6,4,4,6,9,5,4,0,10,-5
2021/9/26,4,4,4,7,7,13,13,6,8,6,5,6,10,3,7,9,20,13,12,8,5,5,2,0,-2,7,5,4,5,5,17,18,10,8,6,13,10,7,7,2,2,4,9,4,0,-1,6,-7
2021/9/27,5,2,1,6,6,9,10,4,2,4,5,6,7,2,8,6,14,9,10,2,6,11,3,8,4,9,9,7,7,10,16,13,3,6,8,12,4,1,5,-3,3,3,10,3,-1,-4,7,-7
2021/9/28,8,4,5,5,4,11,13,5,6,7,7,11,11,5,13,8,17,10,10,6,10,13,7,9,6,10,11,8,11,9,18,12,2,5,9,10,9,8,5,3,2,4,7,2,-1,-1,9,-6
2021/9/29,7,0,7,9,10,11,12,6,5,6,6,10,11,5,11,9,13,10,9,3,7,10,3,9,4,8,8,6,8,9,14,9,4,1,4,8,4,2,4,-3,2,5,8,2,0,0,6,-7
2021/9/30,11,4,8,10,13,15,16,10,11,10,12,13,15,6,15,12,17,14,14,5,10,16,8,13,11,11,11,11,15,14,19,16,6,10,12,14,15,11,9,2,7,11,13,7,5,4,12,-3
2021/10/1,-5,9,0,-2,-6,7,5,-4,-23,-11,-4,-17,-29,-25,-22,7,11,6,7,-5,4,8,-7,5,1,4,5,7,8,7,20,11,5,2,5,8,3,1,3,-1,2,2,3,0,-1,-1,5,-8
2021/10/2,9,4,3,8,10,14,12,6,9,9,7,11,14,9,17,7,15,10,15,9,10,15,6,8,4,10,8,7,9,8,18,12,6,5,7,11,10,6,6,0,4,5,9,4,2,-1,9,-5
2021/10/3,7,6,8,9,8,15,15,7,11,8,8,9,13,7,11,10,22,15,15,16,10,12,6,7,7,12,11,9,8,8,23,17,7,7,7,14,8,9,4,1,4,6,9,4,1,-1,9,-8
2021/10/4,4,-1,-1,3,4,7,7,1,1,2,3,4,6,2,7,7,13,8,9,0,5,8,1,5,3,5,5,4,4,7,24,11,3,1,4,8,4,0,4,-2,2,0,9,1,-3,-4,4,-8
2021/10/5,8,4,1,5,6,10,15,8,7,9,8,9,10,4,12,10,17,9,11,6,10,11,6,7,6,8,9,8,10,8,22,15,7,7,8,9,10,11,6,6,3,4,7,1,0,0,9,-4
2021/10/6,6,1,10,9,10,13,14,7,5,5,6,7,8,2,9,10,13,11,9,3,9,10,2,7,4,6,6,5,8,7,13,9,8,2,4,8,6,2,3,-1,2,3,7,1,1,1,6,-6
2021/10/7,5,3,3,6,7,12,12,7,5,5,7,6,6,0,9,8,13,10,9,1,6,10,2,7,6,5,6,5,8,7,17,11,4,4,8,9,10,2,3,0,1,5,7,2,0,-2,7,-7
2021/10/8,5,4,3,3,6,9,9,6,3,5,5,7,8,3,10,9,11,10,10,3,10,10,3,6,5,7,6,5,8,8,19,12,6,4,7,7,5,3,2,1,1,4,5,1,0,-1,5,-4
2021/10/9,8,7,5,10,6,18,15,6,6,5,5,7,10,4,12,10,15,12,17,10,11,16,7,8,6,11,8,7,9,8,22,15,10,5,8,11,11,5,5,3,3,6,10,6,4,-1,10,-2
2021/10/10,7,8,8,9,11,19,21,9,12,9,8,8,11,4,9,9,22,16,14,17,13,12,6,7,7,12,10,9,9,9,23,18,10,7,9,14,11,11,6,5,4,7,12,6,4,0,8,-5
2021/10/11,4,-1,-1,3,5,5,8,4,2,4,4,4,5,1,7,6,12,8,9,2,6,9,1,6,3,7,6,5,5,7,16,11,1,1,3,7,4,-1,1,-6,1,0,7,2,-4,-4,5,-6
2021/10/12,5,5,6,5,0,14,12,2,3,5,4,4,7,-5,5,4,14,8,9,3,8,11,4,6,6,7,8,6,8,6,17,12,1,5,5,7,9,8,4,5,0,3,6,1,0,-1,9,-6
2021/10/13,1,0,9,9,9,13,13,5,-2,1,3,-2,-1,-9,0,10,12,11,7,-2,5,6,-4,3,2,5,5,4,6,5,13,8,3,1,3,6,6,2,2,-2,0,2,7,1,0,1,6,-5
2021/10/14,6,2,4,6,7,11,11,6,5,5,7,9,9,4,11,8,12,10,8,1,6,8,2,6,5,4,6,5,8,7,16,10,1,3,6,7,8,1,2,-2,0,3,6,2,0,-2,6,-5
2021/10/15,9,9,7,8,10,12,13,10,7,9,8,10,12,6,13,13,14,12,12,7,12,12,6,10,8,10,10,9,11,11,25,16,10,8,11,12,9,11,6,5,5,7,10,4,4,3,10,-2
2021/10/16,7,4,4,6,4,14,13,4,7,6,6,8,11,4,9,8,15,9,13,11,11,14,8,9,6,10,7,6,8,8,21,13,8,5,7,9,12,6,5,2,-2,3,8,5,2,0,11,-2
2021/10/17,3,3,6,9,7,14,15,5,2,4,6,0,-1,-7,-2,8,19,14,11,9,8,11,2,6,5,9,8,6,6,6,19,14,8,6,9,14,8,9,7,3,5,7,13,5,3,2,9,-4
2021/10/18,4,0,1,4,4,8,8,3,2,3,3,5,7,3,8,7,13,8,8,1,4,8,0,4,2,5,5,4,5,6,16,13,2,1,5,8,4,0,4,-1,2,0,9,2,-2,-3,5,-6
2021/10/19,4,1,5,3,3,11,12,4,3,5,4,5,6,-2,5,7,15,8,7,1,6,8,2,3,4,6,6,4,8,4,16,12,0,4,6,7,9,7,5,5,1,2,6,1,-1,-2,8,-6
2021/10/20,7,-1,9,12,12,13,13,8,7,7,8,9,11,5,12,7,11,10,6,7,11,9,5,9,8,6,8,6,10,8,14,10,6,5,6,10,9,7,6,3,2,4,10,3,3,2,7,-4
2021/10/21,6,0,4,6,8,12,13,7,6,5,8,8,8,2,11,9,14,11,9,2,6,10,4,7,5,5,7,6,9,7,17,12,4,3,7,8,10,2,4,-1,1,5,8,3,1,-1,6,-5
2021/10/22,2,4,4,3,5,8,8,4,-2,1,2,-2,-2,-9,-1,10,11,9,9,1,7,9,1,5,5,6,6,5,7,5,17,10,3,3,5,8,5,2,4,1,0,3,5,2,1,0,6,-6
2021/10/23,9,5,6,9,8,15,14,6,8,8,7,9,12,8,15,9,14,12,15,12,11,16,8,8,7,12,8,8,9,10,21,16,10,6,9,12,11,6,7,3,4,8,12,6,5,0,12,-2
2021/10/24,8,4,7,8,9,15,16,8,12,8,10,9,13,7,11,10,22,16,13,17,11,12,9,8,8,11,11,10,9,10,22,18,9,6,7,16,10,9,6,3,4,7,12,6,4,0,10,-5
2021/10/25,4,9,6,8,9,14,13,7,6,7,7,7,8,3,9,10,14,9,8,2,6,8,1,3,-1,1,-4,-8,-4,-1,11,17,7,-1,5,11,-2,-2,3,-4,6,4,13,5,1,-1,8,-4
2021/10/26,8,3,7,3,0,13,15,5,5,7,7,8,8,2,10,9,17,11,10,5,11,12,9,9,9,10,13,12,14,13,20,16,4,8,8,8,14,12,9,8,3,4,8,1,0,0,9,-3
2021/10/27,6,3,10,12,14,13,16,10,5,7,8,7,7,0,7,12,14,13,10,4,10,10,2,8,6,8,8,7,9,9,13,10,7,3,6,10,7,5,6,2,2,4,9,2,1,1,7,-4
2021/10/28,7,1,6,7,8,12,13,8,7,6,10,9,10,3,12,10,13,11,10,4,7,11,5,8,7,6,8,8,10,9,18,12,4,4,8,10,11,4,4,1,2,6,9,4,3,0,9,-4
2021/10/29,6,4,5,4,7,11,11,7,4,7,5,7,10,4,10,11,13,11,10,4,10,10,4,7,6,7,7,7,9,8,20,15,6,4,6,7,8,5,5,2,2,6,7,1,1,0,7,-4
2021/10/30,11,9,8,11,12,19,19,9,9,10,9,10,13,7,15,12,16,15,17,14,13,17,10,10,11,14,12,11,12,12,22,18,10,11,11,12,15,12,9,6,5,11,12,6,5,0,11,-1
2021/10/31,10,8,9,11,12,17,19,10,12,11,12,10,12,5,11,14,25,16,17,15,12,15,8,10,8,13,15,13,12,10,22,21,12,12,12,16,14,12,11,4,9,13,17,8,7,4,14,0
2021/11/1,4,7,3,6,8,10,13,8,3,5,3,4,4,0,6,6,12,9,7,0,4,8,1,4,2,5,8,6,5,8,21,13,2,5,5,8,4,1,6,-1,2,1,9,1,-2,-3,6,-7
2021/11/2,8,-1,7,5,6,13,15,6,6,7,7,10,11,4,12,10,17,10,10,6,12,11,6,6,6,8,11,8,11,8,18,16,4,6,8,10,10,9,7,5,2,6,8,2,0,0,11,-4
2021/11/3,10,3,12,13,17,16,22,12,10,10,10,15,16,4,14,19,18,18,16,12,14,16,5,10,8,11,11,7,14,15,23,19,9,5,8,11,10,11,8,4,4,12,11,4,3,3,9,-5
2021/11/4,6,3,5,6,7,10,11,5,5,4,7,7,8,1,11,7,12,11,9,2,6,10,3,6,6,5,6,6,9,8,17,12,3,4,7,8,9,2,4,0,1,7,7,3,2,-1,7,-6
2021/11/5,5,3,2,3,5,7,10,4,3,5,4,6,8,2,9,8,11,9,8,3,8,7,2,4,3,5,5,5,8,7,19,14,6,4,6,6,5,5,3,0,0,6,4,1,0,-1,6,-4
2021/11/6,7,4,3,7,7,14,12,5,6,7,6,8,10,5,12,7,15,12,13,12,10,14,7,7,5,9,7,6,8,8,19,15,9,5,7,11,11,5,6,1,2,7,8,3,3,-5,5,-7
2021/11/7,6,-1,6,7,8,13,14,7,10,7,8,7,10,3,8,9,21,17,14,15,10,11,4,6,4,8,9,7,8,8,20,19,10,6,7,13,11,8,6,2,2,8,10,5,1,0,9,-5
2021/11/8,3,0,1,4,4,8,8,2,1,2,2,4,5,0,6,6,13,9,8,1,4,9,1,5,2,5,4,4,5,7,15,13,0,1,-1,3,2,0,-1,-7,-3,-1,4,-1,-5,-5,4,-8
2021/11/9,0,-6,1,-5,-5,5,9,-2,-4,-3,-1,-4,-4,-11,-4,3,13,7,7,0,5,8,0,3,3,4,5,-1,6,2,15,13,2,5,7,8,9,8,7,7,-1,4,6,2,-1,0,9,-3
2021/11/10,7,5,11,14,16,13,18,11,8,10,8,10,11,5,11,11,10,5,7,7,8,10,3,7,6,7,6,6,7,9,14,11,5,4,6,6,7,6,1,3,-1,6,8,3,4,3,7,-2
2021/11/11,6,2,5,6,9,9,10,7,7,6,8,8,8,2,11,6,12,8,6,4,7,9,3,6,6,6,6,1,7,4,16,13,3,5,7,9,11,2,4,2,0,6,7,2,2,0,6,-2
2021/11/12,4,2,0,2,5,3,8,5,3,4,4,6,7,1,8,5,8,5,6,2,7,8,2,4,4,6,7,5,7,6,17,12,3,4,5,7,6,3,3,0,-1,4,4,1,0,-1,5,-5
2021/11/13,8,5,6,8,8,15,13,6,7,7,7,8,10,5,12,8,15,14,17,13,10,15,7,7,7,10,9,7,10,10,21,16,9,7,8,11,13,7,7,4,3,7,10,5,4,0,10,-4
2021/11/14,6,2,6,6,7,10,13,5,10,7,8,7,11,4,9,9,21,16,13,16,10,12,6,6,7,10,11,8,8,10,20,18,9,7,9,14,11,11,6,3,3,7,10,5,3,1,9,-5
2021/11/15,5,2,3,7,5,9,10,4,4,5,4,5,6,1,8,5,13,10,9,3,5,10,3,6,5,8,9,5,6,10,21,16,8,5,6,11,7,6,6,0,2,2,10,3,0,-1,7,-3
2021/11/16,7,2,6,4,4,11,13,5,4,5,5,8,9,2,10,7,16,10,10,6,8,11,7,6,6,7,10,7,10,8,17,16,5,7,7,7,10,8,6,7,1,3,6,1,-1,0,8,-3
2021/11/17,5,0,9,9,10,12,12,7,4,5,6,7,8,1,8,9,13,12,10,3,8,9,0,7,4,5,7,5,7,7,12,9,5,2,5,7,6,3,4,0,0,4,7,1,0,-1,6,-5
2021/11/18,6,1,5,6,8,9,11,6,5,4,6,7,7,1,10,7,13,12,9,2,5,10,3,7,6,4,8,5,9,9,18,13,2,4,8,9,10,3,5,2,0,4,6,3,1,-1,8,-5
2021/11/19,5,-1,2,2,5,7,9,4,4,3,0,6,8,2,9,9,11,10,8,3,7,10,3,6,5,6,8,5,8,7,18,15,5,4,6,7,6,4,4,2,1,5,5,2,1,0,6,-4
2021/11/20,10,10,9,11,12,19,18,8,8,8,3,10,12,6,14,10,16,14,15,14,12,16,11,10,10,11,12,9,12,12,22,19,12,10,10,13,14,10,9,8,4,10,11,7,7,1,11,-2
2021/11/21,5,4,6,7,6,12,13,6,9,6,3,5,9,-1,5,9,20,18,13,14,9,12,6,5,6,10,13,8,8,9,23,19,12,8,7,12,10,8,6,4,0,7,9,4,3,1,9,-4
2021/11/22,-1,-3,4,5,3,10,12,2,-2,0,-2,-2,-2,-10,-2,7,12,7,6,1,4,6,-4,-2,0,1,-1,-9,-3,-2,11,16,5,3,3,11,5,0,2,-2,1,4,10,3,2,0,7,-5
2021/11/23,11,3,7,5,10,7,15,10,12,10,4,17,18,4,17,9,17,11,10,11,15,19,11,9,9,13,15,8,15,16,26,19,4,8,9,11,13,15,10,12,1,7,6,3,1,2,10,-3
2021/11/24,5,-3,5,6,8,8,8,4,4,6,1,7,9,2,9,4,8,8,5,4,7,9,2,8,5,6,8,6,8,9,14,7,2,2,4,7,6,4,4,1,1,4,8,3,1,1,7,-5
2021/11/25,8,7,8,7,8,11,11,8,8,8,5,10,10,3,13,6,11,9,8,5,7,12,6,9,9,8,11,9,12,11,21,19,7,7,10,11,12,8,7,3,3,8,10,5,4,2,11,-2
2021/11/26,6,5,4,4,8,8,10,6,5,6,0,7,9,3,10,8,12,9,10,4,8,10,5,6,5,8,9,7,9,9,18,16,8,4,6,8,7,4,5,2,1,4,6,2,1,0,7,-5
2021/11/27,7,4,5,9,10,12,11,6,6,6,0,7,10,4,12,4,12,10,11,10,6,14,8,8,6,7,8,6,9,8,20,13,6,6,10,11,11,7,6,4,3,7,10,5,3,0,10,-4
2021/11/28,8,9,10,10,11,17,17,8,10,7,2,8,14,5,11,10,22,16,13,14,7,12,7,8,7,11,14,8,8,9,21,17,7,6,10,15,10,9,8,5,3,7,10,5,2,1,10,-6
2021/11/29,5,1,0,3,4,6,7,2,2,3,-2,5,6,1,7,6,13,10,9,-1,4,11,2,6,4,7,9,6,6,9,18,13,3,3,5,10,5,2,5,-1,3,2,10,4,0,0,7,-6
2021/11/30,8,7,10,6,7,15,15,6,7,7,2,10,12,3,11,12,17,12,11,5,10,14,8,8,10,8,10,8,9,11,18,15,3,4,4,3,7,9,5,-1,-4,2,3,-3,-2,-1,6,-4
2021/12/1,5,0,7,7,9,9,12,10,4,5,0,7,7,0,7,5,9,4,6,0,6,9,-1,6,3,4,7,6,9,7,19,8,3,3,7,11,7,4,8,3,2,6,9,4,2,2,9,-5
2021/12/2,6,-2,2,4,8,6,9,6,6,4,4,8,8,2,11,8,13,10,9,-1,4,11,3,7,7,5,8,7,10,8,17,12,3,5,8,9,11,3,5,1,0,5,7,3,1,0,9,-5
2021/12/3,4,0,3,2,6,6,8,4,3,4,1,7,8,3,10,10,10,6,7,-1,5,8,2,5,4,5,6,5,8,6,18,11,2,4,5,4,6,2,1,1,-3,2,3,0,-1,-1,6,-4
2021/12/4,7,5,2,6,7,9,9,4,6,5,2,8,10,6,13,3,12,8,9,6,6,14,6,8,6,8,8,7,9,8,20,13,6,7,8,10,11,6,7,3,3,6,10,5,3,0,11,-2
2021/12/5,7,5,6,9,7,11,14,6,10,6,5,8,12,5,10,10,23,16,13,10,6,12,6,8,7,9,11,9,8,8,21,20,11,9,9,13,10,9,8,6,4,7,11,4,2,1,10,-4
2021/12/6,3,1,2,3,4,7,7,2,1,2,-1,3,5,0,6,5,11,7,7,-3,1,5,1,-1,-1,4,6,5,6,7,16,14,4,4,4,9,4,1,3,-1,2,1,9,2,-2,-2,7,-5
2021/12/7,3,3,5,2,4,10,11,5,3,4,1,5,5,-3,7,6,13,6,5,2,3,6,3,-1,-1,-1,-4,-8,3,-4,10,11,-1,6,9,8,10,8,7,6,-2,2,6,1,-1,0,9,-3
2021/12/8,2,0,9,8,5,12,10,1,-8,-2,2,-6,-8,-13,-3,11,11,12,10,0,6,12,0,10,7,9,10,8,10,10,14,9,5,3,6,8,6,4,5,0,2,5,8,1,0,2,7,-4
2021/12/9,7,2,6,5,8,9,11,7,8,6,5,11,12,5,13,10,17,12,11,0,5,11,4,8,7,7,8,8,10,8,17,13,2,4,7,8,9,3,4,1,1,5,7,2,0,0,7,-4
2021/12/10,7,9,7,5,10,12,14,9,6,7,3,9,11,4,11,12,16,12,12,2,8,11,4,7,7,8,8,7,9,8,22,16,7,6,8,8,7,6,5,4,4,7,8,3,3,3,10,-1
2021/12/11,9,6,6,8,10,15,12,7,7,7,4,9,11,6,13,9,19,15,16,6,7,15,8,9,7,10,10,8,9,9,21,17,8,6,9,10,11,6,7,3,3,7,10,5,3,2,12,0
2021/12/12,8,4,8,6,10,11,13,7,11,7,5,8,13,5,10,10,21,13,11,11,7,12,7,8,8,9,10,9,9,7,21,17,8,7,10,14,11,11,9,4,3,8,11,5,2,2,12,-2
2021/12/13,3,-8,-5,0,0,-1,2,0,1,1,-1,3,5,0,6,2,10,6,7,-4,2,9,1,5,3,4,5,4,5,6,17,11,1,1,3,7,4,0,3,-2,1,0,9,2,-2,-2,6,-4
2021/12/14,4,2,6,4,4,11,14,5,1,5,2,3,3,-5,2,9,17,9,9,2,7,11,4,6,5,6,9,6,9,7,17,12,0,5,6,6,9,6,5,4,0,3,6,0,-2,-1,8,-2
2021/12/15,11,8,16,15,15,17,16,12,11,10,8,13,15,7,15,12,15,13,11,5,11,14,6,11,11,12,12,11,13,13,22,17,15,8,11,15,11,13,10,5,7,9,14,6,5,7,13,1
2021/12/16,8,8,11,7,10,13,14,8,9,7,7,10,11,4,14,11,17,12,13,3,7,14,7,9,8,7,8,7,9,9,19,16,6,4,4,4,11,3,5,1,-5,1,1,1,1,-1,6,-1
2021/12/17,3,-3,5,3,6,8,9,7,1,4,1,3,4,-1,6,7,14,7,10,-1,6,11,0,4,4,7,5,1,6,1,16,14,5,4,6,6,4,-1,4,2,0,6,6,1,-1,0,7,-4
2021/12/18,6,-3,-4,2,3,3,1,0,6,5,1,8,11,6,14,-2,5,4,4,3,1,12,7,7,1,-2,5,7,8,7,17,4,1,5,8,8,9,6,7,3,2,6,9,4,1,1,11,-2
2021/12/19,7,5,6,8,7,13,10,6,11,5,5,8,14,5,10,2,13,7,6,8,5,11,6,7,6,7,10,8,8,5,20,13,7,7,7,10,9,8,6,4,2,7,12,5,0,2,12,-3
2021/12/20,8,8,6,9,10,15,15,6,6,6,4,7,10,3,10,10,17,12,11,3,7,12,6,9,10,10,10,8,10,12,20,17,7,7,9,12,9,7,9,3,5,6,14,5,2,1,9,-2
2021/12/21,8,5,9,4,7,13,14,7,7,7,5,10,11,3,12,9,18,10,12,4,11,13,7,8,8,10,10,8,11,9,19,16,4,7,8,9,10,8,7,7,3,6,10,3,1,2,11,-2
2021/12/22,8,2,9,13,13,14,17,10,8,8,7,10,12,3,12,15,17,14,13,4,11,12,4,10,8,10,11,7,10,11,17,12,6,5,8,13,9,6,9,4,4,9,12,5,3,5,11,-5
2021/12/23,10,5,11,11,13,14,15,10,9,8,9,11,12,5,15,14,20,17,16,4,9,14,8,12,11,12,11,10,14,13,24,18,8,9,12,14,14,7,9,6,5,10,13,7,5,4,13,-1
2021/12/24,15,17,13,15,18,18,19,16,14,15,13,18,20,12,20,24,29,23,23,11,19,18,11,14,15,18,15,12,18,17,29,26,17,15,17,18,17,13,15,11,10,13,15,10,10,11,19,2
2021/12/25,13,11,5,10,12,13,15,12,9,11,7,13,14,9,16,14,22,18,27,7,12,19,11,14,13,21,14,14,16,16,26,25,16,13,14,16,15,12,13,8,10,14,18,11,8,5,18,0
2021/12/26,3,0,3,1,0,-1,2,-3,9,4,2,6,11,3,8,-4,-1,-3,-11,7,2,8,7,5,-2,-8,2,6,4,3,16,-17,-10,6,3,6,10,9,6,3,-2,2,7,2,-2,2,6,-5
2021/12/27,9,8,1,6,6,8,4,3,8,8,6,10,12,5,13,6,12,9,2,6,10,6,8,2,5,1,11,11,12,16,26,-2,3,11,13,16,12,8,11,6,8,10,18,10,6,7,16,1
2021/12/28,17,16,15,11,12,19,17,10,14,15,12,18,19,8,21,16,26,18,21,12,19,23,17,16,17,16,18,15,20,21,34,22,13,15,19,21,20,18,18,18,11,16,21,12,11,11,20,2
2021/12/29,23,19,31,26,29,31,32,24,20,22,21,24,26,9,24,32,32,30,27,24,31,35,23,25,27,29,26,19,29,31,42,34,23,20,23,27,26,25,27,19,15,25,27,21,24,24,28,3
2021/12/30,31,30,40,35,34,44,47,33,28,29,32,31,33,11,34,37,47,42,44,29,37,52,36,32,39,41,34,26,41,42,60,51,32,32,37,40,41,35,37,33,23,35,37,30,32,28,40,12
2021/12/31,21,14,22,28,20,26,22,22,24,26,25,27,29,5,22,29,24,21,21,27,30,31,28,18,22,10,15,17,27,27,53,9,16,22,23,29,31,27,31,31,16,33,32,24,26,28,32,7
2022/1/1,-34,-47,-32,-33,-35,-24,-25,-25,-24,-30,-34,-35,-29,-45,-38,-29,-40,-41,-48,-27,-30,-36,-20,-34,-25,-44,-39,-42,-36,-39,-22,-40,-37,-31,-31,-28,-20,-20,-22,-25,-34,-21,-27,-30,-27,-33,-22,-8
2022/1/2,-10,-10,2,0,4,11,8,5,2,-2,-1,-11,-4,-25,-17,0,8,-7,-8,6,0,-8,-6,-16,-4,-10,-12,-20,-11,-14,2,-1,-7,-10,-8,3,3,2,-2,-6,-13,7,2,-4,-3,-6,4,-10
2022/1/3,0,-6,6,11,10,10,15,7,3,5,4,0,3,-18,-3,11,16,10,6,3,11,13,4,0,6,7,-4,-13,2,2,20,15,1,0,4,8,9,9,9,3,-1,10,10,1,2,-2,8,-5
2022/1/4,10,4,10,10,6,12,14,6,10,14,9,13,13,0,14,10,19,12,9,9,14,19,13,11,11,11,10,4,12,9,23,13,3,7,12,10,13,14,12,12,4,10,13,2,5,4,12,-2
2022/1/5,7,1,11,10,12,10,12,8,5,8,6,8,10,1,10,8,9,7,4,2,8,11,7,11,5,6,6,5,7,7,14,7,5,4,8,7,7,9,7,2,1,6,8,3,3,3,10,-4
2022/1/6,0,3,6,6,8,10,10,6,-5,2,3,-3,-8,-14,-7,7,11,9,6,-5,2,8,-2,3,4,5,5,2,7,2,12,9,1,3,6,7,8,1,3,-1,0,6,8,2,-2,-1,10,-5
2022/1/7,0,0,-5,-4,2,-1,2,2,-8,0,-3,-1,-7,-6,1,3,6,3,4,-4,2,4,-1,2,1,2,2,3,4,4,14,6,0,2,4,4,4,2,4,0,0,3,4,-1,-2,-2,5,-6
2022/1/8,4,0,0,2,4,7,6,3,3,2,0,6,9,3,12,5,10,7,7,-1,2,7,2,4,1,6,4,3,5,3,14,5,0,2,2,5,7,3,4,0,-1,2,6,0,0,-5,6,-7
2022/1/9,3,-2,1,1,4,6,5,2,8,3,3,5,11,1,9,1,11,6,2,5,3,5,3,2,3,6,6,3,4,4,18,7,1,5,1,8,8,9,5,2,0,6,8,0,-1,-2,6,-9
2022/1/10,7,5,6,10,13,13,20,9,6,6,4,11,10,-2,8,16,20,16,15,3,6,15,5,7,7,13,9,4,9,12,22,13,2,4,3,9,8,7,9,2,3,5,10,2,1,-1,7,-8
2022/1/11,0,1,6,-3,-2,11,10,0,-3,-1,0,-2,-1,-11,-2,5,12,4,5,-4,2,5,-2,0,1,3,0,-4,3,-3,10,7,-3,2,2,3,4,3,2,3,-2,1,4,-2,-3,-1,6,-8
2022/1/12,3,-16,-4,-3,1,-6,-4,-2,3,3,0,7,9,3,10,-2,4,5,2,-4,1,6,0,5,2,3,3,4,5,6,9,-2,-2,1,1,6,6,2,4,-2,0,2,5,-1,-2,-2,6,-9
2022/1/13,2,-5,1,4,6,5,6,4,4,2,2,6,7,-1,8,0,-1,-2,-3,-3,-3,3,0,3,4,6,5,1,5,2,13,1,-5,1,0,2,6,-1,0,-1,-5,0,2,-1,-4,-3,4,-11
2022/1/14,0,-6,-3,-1,5,-1,-4,0,1,1,-3,2,6,-1,7,0,-1,0,-2,-6,-2,-1,-1,-1,-4,-9,-4,1,3,1,12,-1,-4,1,0,3,3,1,1,-1,-2,1,3,-2,-4,-3,4,-9
2022/1/15,6,2,2,6,7,12,8,4,6,4,0,6,10,3,11,5,11,8,9,0,2,10,5,7,4,7,5,6,8,7,17,8,4,5,5,7,9,8,3,0,0,2,6,0,-1,-4,8,-9
2022/1/16,2,-4,-1,0,2,5,8,3,7,3,2,5,9,1,5,3,14,4,5,3,1,6,3,4,1,3,3,3,3,3,12,7,0,2,-2,2,5,4,1,-1,-5,-2,2,-4,-5,-5,5,-12
2022/1/17,1,-3,-1,2,3,5,5,3,0,1,-2,2,3,-3,4,0,10,4,4,-5,-1,7,-1,3,2,4,4,1,3,4,13,8,-2,1,1,5,2,-1,2,-3,-1,-1,6,-1,-4,-5,3,-13
2022/1/18,2,-2,2,-3,-5,-1,-3,-3,2,2,-1,5,7,-2,7,-3,5,1,0,-2,2,6,2,2,2,-1,3,2,5,3,13,-1,-6,3,2,4,6,5,2,3,-2,1,4,-2,-4,-3,5,-10
2022/1/19,3,-2,6,8,9,9,8,4,2,3,2,5,6,-2,5,2,11,5,3,-3,3,7,-1,5,2,3,2,1,4,4,10,1,-1,0,0,4,3,0,0,-3,-1,2,5,-2,-1,-2,5,-9
2022/1/20,5,5,5,6,10,10,11,6,7,4,4,7,9,-2,10,3,6,3,-2,1,-1,7,5,7,7,-3,1,4,8,5,14,3,-2,5,4,6,10,5,3,2,-3,6,6,1,0,-2,7,-7
2022/1/21,1,-3,0,-1,2,3,2,0,0,0,-1,4,6,-1,7,4,5,2,2,-5,0,6,0,3,0,-4,-5,1,2,2,13,5,-3,1,-1,2,2,-1,-1,-2,-1,2,2,-2,-4,-2,4,-10
2022/1/22,5,-4,1,5,5,11,6,3,3,2,1,7,9,3,11,3,12,7,10,0,1,10,4,6,3,9,5,5,6,6,15,5,0,5,4,9,8,4,5,1,1,2,4,0,1,-1,10,-8
2022/1/23,-2,-2,0,4,3,7,9,3,5,1,1,3,7,-1,4,4,16,8,5,2,-1,2,-1,-2,-2,0,-4,-9,-6,-6,3,3,-5,-3,-10,-2,-2,-3,-9,-11,-12,-7,-8,-12,-13,-9,-1,-16
2022/1/24,1,-5,-5,1,1,2,4,0,-1,0,-2,2,3,-3,4,2,11,6,7,-5,-2,7,-1,5,2,4,4,3,3,5,13,5,-4,1,0,5,2,-1,1,-2,0,0,7,0,-3,-6,6,-10
2022/1/25,8,6,8,5,6,12,14,7,6,7,4,11,10,1,9,9,17,9,11,2,7,12,5,9,8,10,9,8,10,8,17,14,2,7,6,8,9,11,7,5,4,5,8,2,0,1,10,-5
2022/1/26,4,-2,9,8,10,10,10,6,3,5,4,7,6,-1,7,8,12,9,6,0,5,8,3,6,5,5,4,4,6,8,10,8,3,2,1,7,3,1,3,-1,1,4,6,0,-1,1,7,-7
2022/1/27,4,-1,1,4,7,5,8,7,6,4,2,6,7,-2,8,6,12,8,7,-3,1,8,2,5,5,4,4,4,7,6,13,6,-2,4,6,8,8,2,3,-1,0,4,4,1,-1,-2,6,-8
2022/1/28,3,-1,-3,0,3,0,3,2,2,3,0,6,7,0,8,5,7,4,6,-4,3,6,1,4,3,4,3,3,6,5,15,4,-2,3,2,5,3,1,1,-1,-1,2,1,-3,-3,-3,4,-10
2022/1/29,5,-1,-1,3,5,6,4,3,3,4,0,7,8,3,10,3,10,5,10,0,1,10,5,6,4,8,5,5,6,6,15,1,0,6,4,7,7,2,3,0,1,2,5,0,-1,-2,9,-12
2022/1/30,3,-4,-2,3,6,3,8,4,7,5,0,5,9,-1,6,3,14,9,7,3,1,7,3,4,6,6,5,4,5,6,13,2,0,8,2,7,9,8,3,-1,0,2,5,-2,-3,-4,5,-10
2022/1/31,3,-8,-4,1,1,1,0,0,0,2,0,4,5,-1,6,2,12,7,8,-4,0,10,2,5,4,7,6,4,4,7,14,6,-1,5,1,7,3,-1,4,-2,1,1,8,0,-2,-1,7,-6
2022/2/1,5,7,6,3,5,10,12,9,4,6,2,8,9,0,9,3,12,3,6,0,4,9,3,4,3,4,6,3,6,5,18,4,-4,3,2,5,7,5,4,4,-3,0,3,-2,-2,-2,6,-5
2022/2/2,4,-4,5,5,7,7,6,3,2,4,2,6,8,0,8,5,11,8,5,-1,2,8,1,5,3,4,4,3,5,5,9,3,1,1,2,7,4,2,4,-3,-1,1,4,-1,-1,0,6,-11
2022/2/3,12,7,8,12,12,14,14,12,12,11,13,16,15,5,18,10,18,14,16,5,12,19,10,13,14,16,15,14,18,20,26,16,8,14,16,17,16,11,12,6,6,8,11,6,7,5,16,-7
2022/2/4,0,-4,-6,-2,1,2,2,-1,-2,-1,-2,4,4,-2,5,3,10,4,6,-6,0,7,-1,2,0,3,0,0,2,0,9,5,-2,0,-1,3,0,-1,-2,-4,-2,-1,-1,-4,-5,-5,3,-8
2022/2/5,3,-1,-3,0,1,4,-2,-1,2,3,-1,6,7,2,10,-3,2,-1,3,-1,-2,1,3,2,1,1,1,2,4,1,12,-1,-1,3,2,6,6,4,1,-1,-3,-2,3,-1,-2,-3,7,-4
2022/2/6,-1,-15,-4,1,1,0,-3,-2,5,1,-1,4,7,-1,5,-4,-6,-11,-12,2,-4,-7,2,-4,-1,-7,0,1,0,0,9,-8,-6,1,-2,8,4,2,-1,-3,-3,-1,2,-2,-6,-3,5,-7
2022/2/7,1,-5,-7,0,2,1,3,0,-1,1,0,3,3,-3,4,0,10,4,5,-4,-1,8,-1,5,1,1,2,2,2,3,12,5,-3,0,1,7,2,-2,1,-4,-1,-3,4,-2,-5,-4,4,-9
2022/2/8,4,-1,1,-1,1,6,7,2,3,4,2,7,8,-1,8,3,13,6,5,1,4,10,3,4,4,5,4,1,6,2,11,8,-4,4,4,5,5,5,1,-1,-2,-1,2,-3,-4,-5,5,-7
2022/2/9,8,-4,5,7,9,9,9,8,12,13,13,21,18,11,21,8,14,11,7,15,8,10,3,7,4,5,5,4,5,6,11,5,0,1,1,6,4,1,3,-2,0,0,4,-1,-1,0,5,-7
2022/2/10,-2,9,8,9,7,16,16,7,-6,-9,-12,-17,-10,-25,-17,9,12,12,9,-27,-9,7,-5,1,5,7,6,5,9,5,17,13,4,7,9,11,11,5,7,2,4,7,10,5,5,4,12,0
2022/2/11,2,-2,-3,-1,2,5,7,1,-7,0,-2,2,-5,-9,5,9,13,11,11,-12,2,13,3,6,6,10,7,2,9,10,22,10,0,4,2,7,5,4,4,1,0,4,3,-1,-1,0,7,-5
2022/2/12,7,1,0,4,6,11,8,3,6,5,4,10,12,4,13,6,14,10,13,4,7,13,7,7,6,9,7,6,8,7,18,10,4,7,6,13,10,6,7,2,3,5,8,3,2,-2,11,-4
2022/2/13,-4,-5,-2,2,2,6,7,2,2,1,2,-2,-1,-14,-8,4,14,8,4,4,1,3,-4,-1,-2,-1,-5,-10,-7,-7,3,5,-2,-3,-7,2,-3,-3,-5,-9,-6,-3,2,-4,-10,-7,6,-9
2022/2/14,1,-4,-3,3,3,4,4,0,-3,-2,-2,1,1,-4,3,4,11,7,6,-12,-3,7,-1,4,1,4,4,4,4,5,15,9,-2,2,2,8,4,0,3,-3,1,0,8,0,-3,-3,5,-8
2022/2/15,8,5,8,3,0,11,10,6,8,8,4,10,11,2,12,6,14,7,8,3,9,12,8,7,8,11,10,8,10,9,22,14,5,9,9,11,11,14,7,8,4,5,10,2,2,1,12,0
2022/2/16,4,-5,5,6,10,9,8,6,4,7,4,8,9,-1,9,4,7,6,2,0,3,9,3,6,3,6,5,3,5,3,10,9,1,2,2,6,4,1,3,0,-2,2,5,0,-1,1,7,-3
2022/2/17,2,0,0,4,7,5,5,6,5,5,4,6,7,-2,9,-3,-1,0,-3,-1,2,-3,2,2,2,-1,0,2,4,3,11,-11,-11,2,2,4,4,0,2,-1,-3,3,4,0,-2,-1,7,-9
2022/2/18,3,-1,-2,0,2,5,4,1,2,2,-2,4,6,-1,7,5,10,6,8,-2,2,8,1,5,3,1,3,4,6,5,18,6,0,4,5,6,5,2,1,-1,1,4,4,0,0,-1,5,-10
2022/2/19,0,5,-1,2,4,10,6,2,1,3,2,2,1,-5,2,4,12,7,13,-1,3,8,2,2,0,4,-2,-4,-3,0,10,4,-1,-4,-5,1,0,-4,-5,-10,-6,-4,1,-3,-6,-6,6,-6
2022/2/20,0,-11,0,3,3,10,11,2,3,2,0,-2,1,-9,-3,0,14,5,5,3,-2,5,3,3,4,3,3,4,5,3,13,2,-2,6,4,8,9,7,2,-2,0,2,9,0,-3,-2,4,-10
2022/2/21,-2,-23,-16,-8,-6,-8,-11,-6,-2,-1,-1,-1,1,-6,2,-3,6,1,4,-5,-2,6,-1,2,-1,-1,2,1,2,4,14,5,-3,0,0,7,1,-3,1,-5,-1,1,7,0,-2,-3,5,-7
2022/2/22,5,-7,1,3,2,10,8,3,7,6,5,8,8,-1,8,1,10,0,4,2,6,10,7,5,7,9,8,5,9,7,16,7,-1,7,7,10,10,7,6,4,2,4,7,3,1,1,10,-3
2022/2/23,4,-8,1,6,10,5,9,5,7,6,5,10,10,-5,6,8,6,4,2,2,6,11,4,6,5,7,4,0,7,10,14,-4,-2,3,2,8,5,3,3,-3,-1,5,6,0,-1,1,6,-15
2022/2/24,3,0,0,3,6,8,8,5,4,3,4,3,3,-7,5,4,13,8,4,-1,3,9,4,4,5,4,4,2,6,5,15,6,-1,3,4,7,8,0,2,-2,0,5,6,2,1,0,9,-6
2022/2/25,4,4,3,2,6,8,8,5,5,6,3,5,7,-3,6,10,13,10,8,1,6,8,4,5,4,8,7,5,8,7,18,18,6,6,5,9,5,4,3,-1,3,5,6,2,2,2,8,-5
2022/2/26,6,2,0,5,8,13,9,6,6,6,4,5,7,-1,8,9,15,11,13,3,6,13,10,7,7,10,6,6,7,9,18,14,7,9,6,9,10,4,5,0,3,5,9,4,3,0,11,-4
2022/2/27,4,-3,-1,4,6,8,8,5,10,6,4,5,8,-3,4,5,15,10,7,7,3,8,6,5,6,9,8,6,6,7,18,8,4,10,8,15,9,6,6,-2,4,6,11,4,1,1,10,-6
2022/2/28,4,-2,0,5,5,10,9,3,4,4,4,4,4,-5,4,7,16,10,10,1,4,11,5,7,6,10,8,6,6,10,18,12,1,8,6,13,4,1,6,-3,4,5,11,4,1,1,9,-5
2022/3/1,1,3,0,2,5,10,13,9,6,7,3,6,5,-5,4,5,13,5,5,0,3,5,1,-1,0,1,-2,-7,-1,-1,15,6,-5,-1,-4,2,4,0,-2,-2,-5,-1,2,-3,-2,-3,5,-6
2022/3/2,3,-3,4,6,7,10,9,5,3,4,3,2,4,-7,2,9,13,10,6,-2,5,9,2,5,3,7,5,4,7,7,12,6,2,2,4,9,4,3,5,-2,2,4,6,2,1,1,8,-8
2022/3/3,5,0,0,3,7,8,9,7,7,7,7,7,6,-5,7,8,12,9,8,-1,4,10,5,7,7,7,6,5,9,9,18,11,0,6,8,11,9,3,3,0,2,6,7,4,4,2,11,-4
2022/3/4,0,-3,-3,-2,-1,4,3,-1,0,0,0,2,2,-8,2,7,9,6,6,-4,2,6,1,2,1,2,1,-1,3,1,14,7,-1,2,0,4,2,-1,-1,-3,-3,0,1,-2,-3,-4,2,-10
2022/3/5,4,-4,-2,2,4,10,6,2,5,5,4,5,5,-3,6,4,12,7,10,4,4,10,8,5,5,6,2,3,6,6,19,10,6,5,5,9,9,4,3,0,2,4,8,3,1,0,11,-5
2022/3/6,1,-9,-6,-2,-1,-2,1,-2,7,2,3,2,5,-6,3,2,12,7,4,5,0,6,7,3,3,5,3,1,2,3,16,9,5,4,3,11,6,4,3,-1,1,5,8,3,0,0,10,-7
2022/3/7,0,-6,-3,1,1,4,5,0,1,2,0,0,0,-9,0,3,10,6,6,-4,-1,7,1,2,1,4,2,-2,1,3,13,7,-2,1,2,8,3,-2,2,-3,-1,-1,5,0,-3,-4,5,-14
2022/3/8,1,-4,1,0,0,8,10,2,1,4,3,0,-1,-14,-2,5,14,8,7,-1,5,10,6,3,5,7,5,1,6,4,15,8,-2,4,4,7,8,6,3,2,-1,3,3,0,-2,-2,9,-5
2022/3/9,1,-7,4,5,5,8,10,4,3,4,4,3,4,-9,2,7,13,11,6,-2,4,8,-1,3,2,5,1,-2,3,3,11,5,1,1,0,7,4,0,2,-2,-2,2,4,0,-1,0,6,-8
2022/3/10,3,2,4,6,6,12,15,6,7,6,6,3,3,-11,3,7,12,10,7,0,2,10,3,4,6,5,3,0,5,5,16,11,2,5,5,10,10,3,4,0,0,7,6,4,3,2,10,-4
2022/3/11,-1,-7,-2,-1,1,3,6,3,3,4,2,1,2,-12,0,7,10,7,8,-2,3,7,0,1,2,4,0,-3,2,3,15,9,1,3,0,6,4,1,0,-2,-3,3,1,0,-2,-2,5,-8
2022/3/12,4,-1,2,5,4,14,10,3,6,6,5,4,4,-7,4,7,15,11,16,4,5,13,6,6,5,8,3,1,4,6,18,10,6,5,4,11,10,3,6,1,0,7,7,4,2,0,12,-5
2022/3/13,3,-3,-1,2,2,7,9,4,10,6,7,3,6,-8,2,7,21,15,13,10,5,10,6,5,7,9,7,2,4,8,19,12,6,6,4,12,9,7,4,1,0,5,6,3,1,1,10,-6
2022/3/14,-1,-6,-3,2,1,7,6,2,1,2,3,-1,-1,-13,-2,4,13,7,8,-2,2,9,0,3,2,6,2,-4,-1,4,15,10,1,1,0,9,4,-1,2,-3,-2,1,5,1,-1,-3,7,-7
2022/3/15,4,-8,2,2,0,8,10,4,7,8,5,6,5,-11,3,6,17,9,8,4,7,13,7,4,7,10,8,1,7,8,21,12,4,7,6,10,10,11,6,6,0,5,7,1,1,0,11,-3
2022/3/16,2,-8,6,7,7,11,11,5,4,5,6,4,4,-11,1,9,14,10,8,2,5,9,3,4,4,4,2,-2,3,5,14,8,6,3,2,7,6,1,3,-1,-1,4,5,0,0,0,7,-7
2022/3/17,3,-4,3,5,7,10,11,7,8,7,6,4,4,-11,4,6,11,8,7,0,3,9,3,4,6,5,4,0,5,7,19,12,1,5,4,9,10,3,5,2,-2,5,5,2,1,-1,8,-7
2022/3/18,-9,1,0,1,1,5,5,0,-5,-4,-3,-11,-9,-26,-14,6,5,2,4,-7,1,-1,-7,-7,-6,-4,-13,-19,-11,-7,7,7,-2,-6,-7,0,-3,-7,-6,-7,-9,1,-1,-4,-6,-4,3,-8
2022/3/19,3,-6,-10,-5,4,10,8,6,6,6,7,2,3,-11,3,5,12,10,12,8,8,14,9,8,8,9,3,-1,5,7,23,12,5,7,3,9,13,6,8,6,-2,5,7,3,3,1,12,-4
2022/3/20,7,0,5,10,10,19,18,11,17,13,14,8,12,-5,5,11,22,17,13,24,12,13,12,7,14,10,10,5,9,12,30,20,14,11,7,18,16,11,8,9,4,12,13,8,7,5,13,-3
2022/3/21,6,-2,0,10,10,11,14,11,10,10,11,12,8,-9,5,13,19,16,18,10,11,18,7,8,9,13,9,1,9,15,26,19,6,8,5,13,12,8,10,1,1,6,7,2,1,-3,6,-6
2022/3/22,-5,-5,2,1,-3,7,8,-6,-9,-6,-4,-11,-12,-27,-13,4,14,6,7,-5,-1,6,-2,-2,1,2,-1,-8,0,-1,12,9,-1,3,1,9,4,2,1,2,-2,4,5,1,-1,-2,8,-7
2022/3/23,0,-7,4,6,7,10,10,5,4,5,5,4,3,-11,1,7,12,9,5,1,6,7,1,3,2,3,0,-6,0,2,9,3,0,-1,-4,4,4,-2,-3,-4,-5,2,3,-4,-6,-4,2,-10
2022/3/24,2,-4,0,2,4,7,6,4,6,4,6,3,2,-12,3,6,12,9,7,2,4,9,3,4,5,5,3,-1,4,6,17,9,0,4,3,7,9,0,3,1,-2,6,5,3,1,0,9,-6
2022/3/25,3,1,2,3,5,8,9,5,5,6,4,5,5,-9,4,11,13,9,9,2,8,9,4,4,6,7,5,2,6,7,22,14,5,6,4,9,7,4,5,3,1,7,5,3,2,1,9,-7
2022/3/26,-4,-2,-1,0,1,11,9,0,1,2,3,-1,-2,-14,-3,6,6,6,6,1,2,-1,0,-6,-4,0,-7,-13,-9,-2,7,3,1,2,-5,-3,2,-1,-3,-12,-6,0,0,-3,-3,-7,1,-9
2022/3/27,5,-1,3,8,8,13,14,9,10,7,6,4,7,-5,3,10,26,16,13,12,9,12,8,8,9,11,11,8,9,11,23,16,7,11,8,16,12,7,7,6,2,8,11,7,3,2,13,-9
2022/3/28,1,-4,-2,4,3,7,8,2,2,3,3,0,1,-12,0,6,16,10,10,1,5,11,3,3,5,8,5,-2,2,7,18,12,3,6,3,11,4,1,3,0,0,4,8,3,-1,0,8,-8
2022/3/29,2,-3,3,2,2,11,12,5,4,4,4,3,2,-13,-1,7,18,9,10,3,8,11,5,3,5,9,7,0,5,6,19,11,1,5,4,9,8,6,6,5,0,5,6,2,0,-2,8,-6
2022/3/30,4,-4,6,9,10,13,14,8,5,7,6,4,4,-10,2,11,16,14,9,5,9,11,4,6,8,9,7,1,6,10,16,10,5,5,3,10,10,7,7,2,1,9,8,4,2,2,9,-7
2022/3/31,2,0,3,4,5,10,11,7,6,6,9,3,4,-12,3,8,13,9,10,4,7,13,6,5,6,6,1,-8,1,1,16,12,2,4,4,10,7,-1,0,-2,-3,7,6,1,0,-1,10,-5
